Publish Time,Title,Position,Read Count,Like Count,View Count,Link
2024-06-19 21:26:00,当上中层才知道：上面的领导其实压根不在意你干了多少活，而是在意你到底值不值得他信任，预计真正能解决什么问题,1,100001,390,123,http://mp.weixin.qq.com/s?__biz=MzI2NDY1MDU3OA==&mid=2247487938&idx=1&sn=46b359de858cd781a513789aaf2ff600&chksm=ebe94523ede3d92c32e6313f900c696e194095ec07945ad33ee1d74ef7c3ca4fb2cd522beeca&scene=126&sessionid=0#rd
2024-06-05 21:05:00,单位里，越是没水平的领导，越爱干这几件事：1、总接别的部门推来的活；2、不懂瞎指挥；3、打压能力强的下属；4、下属不听话就威胁…,1,100001,318,135,http://mp.weixin.qq.com/s?__biz=MzI2NDY1MDU3OA==&mid=2247487803&idx=1&sn=38753c098c6548ef8475c38dea639620&chksm=eb9eb5a89819d1c018e73b6f1fc59a3f4847b4c48a18cbc6d4baa24adb83e2b0376300ee3755&scene=126&sessionid=0#rd
2024-05-11 21:10:00,单位里，有3个位置你永远不要站，你要是站了，工作就悬了：1、不要站在领导的对面；2、不要站在内讧的中间；3、不要站在功劳的后面,1,100001,154,46,http://mp.weixin.qq.com/s?__biz=MzI2NDY1MDU3OA==&mid=2247487224&idx=1&sn=680252401104597e6dc3b1a74bcaa466&chksm=ebb90bf7d98d690a780e46d6d36b0291f7f106252df6c9c49fd9575111132dd4fb2ceb02604d&scene=126&sessionid=0#rd
2024-04-24 20:38:00,单位里，请记住：只要你的工资每月按时发放，岗位没有动，待遇没有减，就不要太在意其他人，该上班上班，把他们当路人，你就赢了,1,100001,585,191,http://mp.weixin.qq.com/s?__biz=MzI2NDY1MDU3OA==&mid=2247486962&idx=1&sn=f4bfebc9ea8cc6ca19f024737071a733&chksm=eb9e6053e9d79965b69e599aeb4a63b1f8abf0953b2e7190b78f463609eba0aff0d49d3fdd35&scene=126&sessionid=0#rd
2024-04-18 21:51:00,单位里，对领导最狠的报复，就是这2个字,1,100001,173,52,http://mp.weixin.qq.com/s?__biz=MzI2NDY1MDU3OA==&mid=2247486888&idx=1&sn=a99d70de99fad2677cc7d18c7db865ad&chksm=eb8ea543f54431ab374944a284e53085c0939b4731fd4d1cda25ec605532df8057f75f2b8b05&scene=126&sessionid=0#rd
2024-04-13 20:28:00,判断领导是不是小人，看这4点就够了，真的太准了,1,100001,367,227,http://mp.weixin.qq.com/s?__biz=MzI2NDY1MDU3OA==&mid=2247486826&idx=1&sn=636f4a56fe1004e9e1acb3c389b6eb3d&chksm=eb56625f941e1378c358e39b64fc7a2e56c77a0ae0512bdc2f92f7c961b33f9ecd6ebad5b1fa&scene=126&sessionid=0#rd
2024-04-06 20:23:00,单位里，同事随口喊你“小张小李”，千万别傻傻答应，也不要听从，更不要默许，一定要小心，这里有个大坑,1,100001,215,60,http://mp.weixin.qq.com/s?__biz=MzI2NDY1MDU3OA==&mid=2247486687&idx=1&sn=5d98d719ce0c7a94cef162c3096d5735&chksm=ebfe29a52a7daf7c8e169a9d9ee701cd6c920683fc5cd61c9a7e5828b9414e02ca1ec6e4126e&scene=126&sessionid=0#rd
2024-04-04 20:45:00,单位里，活得最通透的人：1、准时上下班；2、不和同事交心；3、不敬怕领导；4、少管闲事，少说闲话；5、只做投资自己的事,1,100001,182,73,http://mp.weixin.qq.com/s?__biz=MzI2NDY1MDU3OA==&mid=2247486661&idx=1&sn=0f576cbd19a3337c074436f5e79bd2d4&chksm=eb68c19d34cd8bde5275e691844584cdb12c21ed5b10ec13c21d35d81fb38533bde48239db2c&scene=126&sessionid=0#rd
2024-04-01 21:36:00,单位里，最好的人际关系：1、少说闲话，知人不评；2、不占便宜，有来有往；3、常听人言，知人心声；4、交浅言浅，保持边界,1,100001,313,123,http://mp.weixin.qq.com/s?__biz=MzI2NDY1MDU3OA==&mid=2247486629&idx=1&sn=cc3742e33687eb7729d3389c8d9c9d45&chksm=eb4729e3ea38f833ea43ebc55cbd98500b82e58c7613a87a67cc40efd8f1fd4480956ab8f53e&scene=126&sessionid=0#rd
2024-03-30 20:28:00,在单位，永远要记住：1、别人的工作不插手；2、不和同事明面上闹红脸；3、不暴露自己太多私事；4、不背后说领导坏话,1,100001,191,70,http://mp.weixin.qq.com/s?__biz=MzI2NDY1MDU3OA==&mid=2247486582&idx=1&sn=fcd2369c755a997f0099dfe7cd5af158&chksm=eb1cc2553057135b8a58ad37422211e473d27e5ebc69433aed94bfbfdd94b7b9e1b87c9f2fd0&scene=126&sessionid=0#rd
2024-03-28 21:33:00,在单位，无论你有多怂，这4件事上，一定要学会心狠：1、争取机会的时候；2、同事甩锅的时候；3、表功的时候；4、被边缘化的时候,1,100001,223,78,http://mp.weixin.qq.com/s?__biz=MzI2NDY1MDU3OA==&mid=2247486559&idx=1&sn=5d95f3eecb8fa8ae32f69361379c6d6a&chksm=eb3257eaa78639e208caba64004a1fa15a3e5c194c41508dc21fb22138b2de84d143cedc5619&scene=126&sessionid=0#rd
2024-03-27 20:02:00,单位里，这5种女人千万不能得罪：1、领导身边的女人；2、能干的女人；3、有实权的女人；4、漂亮的女人；5、爱玩暧昧的女人,1,100001,214,98,http://mp.weixin.qq.com/s?__biz=MzI2NDY1MDU3OA==&mid=2247486548&idx=1&sn=20ff4a34a01f5034ce60c23ae0c36f7a&chksm=eb01f9aedc99998e3cf963a5822260e8f1b3bd9ee6d742b1f8f69ec4aa8d73f040c6699c10f4&scene=126&sessionid=0#rd
2024-03-24 19:10:00,单位里，吃过大亏的人才懂得：1、少管闲事，少说闲话；2、领导的话别全信；3、同事不能当朋友；4、控制自己的脾气；5、该争取时别怂,1,100001,357,131,http://mp.weixin.qq.com/s?__biz=MzI2NDY1MDU3OA==&mid=2247486510&idx=1&sn=6627449a81c4cf77ecdee2afa9594164&chksm=eb63e9ae0bb7035dfa3fa58eae698a9b51dfc98731d2101896549cf1f09f5f27251fb808209b&scene=126&sessionid=0#rd
2024-03-23 21:25:00,单位里，想要快速提拔，必须要懂的人情世故：1、不害怕领导；2、不对同事交心；3、该争取的不要怂；4、不说别人闲话；5、懂感恩,1,100001,124,52,http://mp.weixin.qq.com/s?__biz=MzI2NDY1MDU3OA==&mid=2247486499&idx=1&sn=82f37455b10c471639a41cb20e6ea061&chksm=eb8ff22cb8f9a71d22e912ac236cf3863c3b95460ce787a665b8f36102fc632d3923a761585b&scene=126&sessionid=0#rd
2024-03-22 21:49:00,单位里，有觉悟的人：1.不迟到，不早退；2.不抢领导风头；3.不说别人闲话；4.不暴露太多私事；5.只做投资自己的事,1,100001,256,79,http://mp.weixin.qq.com/s?__biz=MzI2NDY1MDU3OA==&mid=2247486485&idx=1&sn=070841cdcbac953a15dfd85e8236c279&chksm=eb27c6a00b34c8d3ed9cfd305f183675a9a8cc0aeebee406450b6dda2de29aa13253911c2b84&scene=126&sessionid=0#rd
2024-03-21 21:10:00,当你没什么能力，领导还护着你，一般是因为这6个原因,1,100001,174,59,http://mp.weixin.qq.com/s?__biz=MzI2NDY1MDU3OA==&mid=2247486474&idx=1&sn=2423bc606d89065b5801ddf1a17ddb32&chksm=eb6ce4e1787be675b3c1cb4ce86a39921343754d2fc888d1d80542ba4dea59709c1fb54e8122&scene=126&sessionid=0#rd
2024-03-16 20:38:00,在单位，想干掉一个不喜欢的同事，最狠的方式不是孤立他，更不是撕破脸，而是让他看到你越过越好,1,100001,582,212,http://mp.weixin.qq.com/s?__biz=MzI2NDY1MDU3OA==&mid=2247486399&idx=1&sn=bcf4b16b9ef334ca938402aaf3723e44&chksm=eb01d10de42c784c92d7267a622b601f30b356bf6003e5024b9a06f50c02ffeee318942ef3b7&scene=126&sessionid=0#rd
2024-03-15 19:58:00,让领导不敢干掉你的8个方法,1,100001,112,44,http://mp.weixin.qq.com/s?__biz=MzI2NDY1MDU3OA==&mid=2247486385&idx=1&sn=66e12187807cfc24fe4d55d321d3d137&chksm=eb021a8d600b4466476329909b39a10ca91ebb31f099f569eb4690b2618a08fa54f92a49c8db&scene=126&sessionid=0#rd
2024-03-14 20:34:00,单位里，没人告诉你的人情世故：1、干活别太快；2、做事要留痕；3、不要掺合别人的工作；4、不要暴露太多技能；5、做好上级汇报,1,100001,241,95,http://mp.weixin.qq.com/s?__biz=MzI2NDY1MDU3OA==&mid=2247486376&idx=1&sn=d7432249aa6ba0c79b2b5fd725230ddc&chksm=ebdd9420b3bd6516b426ad3152fe083c52489c24f5d6a8ae11c376a9ebbde6cbdc89b4cc8160&scene=126&sessionid=0#rd
2024-03-13 20:40:00,在单位里，我见过最愚蠢的四件事：1、把同事混成朋友；2、对领导敬而远之；3、掺和同事的工作；4、反复提自己犯的错,1,100001,145,56,http://mp.weixin.qq.com/s?__biz=MzI2NDY1MDU3OA==&mid=2247486284&idx=1&sn=168257a818cbd479911f0e1d7eda5111&chksm=ebad7b08da6fde36520c7f11fa0a28a651d66fd9b0af766ed9f79e0d2d2b1e9a00c8ae828660&scene=126&sessionid=0#rd
2024-03-10 19:52:00,观察单位里“从不内耗”的人，都有一个共同特点：无论领导告诉他们应该怎么样，但这些人永远清楚自己要什么，该舍弃什么,1,100001,191,42,http://mp.weixin.qq.com/s?__biz=MzI2NDY1MDU3OA==&mid=2247486242&idx=1&sn=d01e697c0b8149dfe6d1dd9bcbf1f294&chksm=ebf32b329f30d308dc1009a3012f465e853cc46b7709afebac19a3c1235b52536c212c23f20a&scene=126&sessionid=0#rd
2024-03-07 20:58:00,有以下5个特征，说明你的领导是小人，别再傻傻跟随了！,1,100001,347,148,http://mp.weixin.qq.com/s?__biz=MzI2NDY1MDU3OA==&mid=2247486217&idx=1&sn=1a56fe8582bda9f82184ae06c35319b7&chksm=eb279a9e1f88610d31dd4f9da1f080542b64146143d628fbb039b1189cff2c4c070ff498e8ef&scene=126&sessionid=0#rd
2024-03-02 20:32:02,永远不要当领导的面，随便说出这4句话,1,100001,93,50,http://mp.weixin.qq.com/s?__biz=MzI2NDY1MDU3OA==&mid=2247486104&idx=1&sn=1c17eb2e39655e10dca725e95239ef84&chksm=ebb9f08ed1bdc9326c5982de230fc58833c9c1dcb8229846ff5e877ea8104ec7fbb55b067450&scene=0&xtrack=1#rd
2024-03-01 19:16:00,永远不要当同事的面，随便说出这6句话,1,100001,106,42,http://mp.weixin.qq.com/s?__biz=MzI2NDY1MDU3OA==&mid=2247486087&idx=1&sn=41e7c15e9d973149ded4347987347f69&chksm=eb86a9ada7c1b28d37cb09743da8ddc90a4edefeecb5ee1e2ba410b60799ad5ca6fdcb4bdd1b&scene=0&xtrack=1#rd
2024-02-28 22:22:00,在单位，干掉不喜欢的同事，这5招就够了！,1,100001,124,39,http://mp.weixin.qq.com/s?__biz=MzI2NDY1MDU3OA==&mid=2247486063&idx=1&sn=3e6ccba8134e259cdafd49e0df0a79ef&chksm=eb6878d6d243709c36e4edd235ee48b6ac933097ec3cb72f4c290658d8b31a1cf7a3fabeaa32&scene=126&sessionid=0#rd
2024-02-25 19:39:00,单位里，只要没开除你，你就没心没肺，该上班就上班，该做事做事，千万别冲动，提前做好这些,1,100001,382,183,http://mp.weixin.qq.com/s?__biz=MzI2NDY1MDU3OA==&mid=2247486037&idx=1&sn=b2045e7d608d4eed70b794959bbb4a39&chksm=eb311c14d4aae907f084f53af20a77720f564813b7197a1e0123ee5f9c1689baa32de2169e1e&scene=126&sessionid=0#rd
2024-02-24 19:19:00,当别人问你工资多少时，高情商的人这样回答，既不得罪人，也不尴尬！,1,100001,94,42,http://mp.weixin.qq.com/s?__biz=MzI2NDY1MDU3OA==&mid=2247486024&idx=1&sn=81b299a609327d0031f6fd704434431d&chksm=eb1329059889b42ea4f1524fbfc557c1113a9093a3cc5c7b3bf197d42558727a1a13351f615e&scene=126&sessionid=0#rd
2024-02-21 21:50:00,单位里，领导决定放弃你，不会给你穿小鞋，也不会让你天天加班，更不会找你谈话，而是偷偷做这4件事,1,100001,258,91,http://mp.weixin.qq.com/s?__biz=MzI2NDY1MDU3OA==&mid=2247485993&idx=1&sn=b6d11981ee1c25bfa9fc6aa07a7771ab&chksm=eb63d06ab623e0d8ae06c31b9c3a026065fbd563d865c63f6cf618eccf862b04296b2dfbd00e&scene=126&sessionid=0#rd
2024-02-20 21:12:37,单位里，不要同情压力大的领导，也不要同情天天加班的同事，因为你同情他们，就等于自动背负他的工作，真的很傻,1,100001,378,117,http://mp.weixin.qq.com/s?__biz=MzI2NDY1MDU3OA==&mid=2247485978&idx=1&sn=767cd72f73b13f2d9b4963d2649a337f&chksm=ebc29b64a2b46317e897167cd4d934984577a0d6769561eeda439e5d7c8d74e4161c6d0868c2&scene=126&sessionid=0#rd
2024-02-14 19:00:00,"领导最想裁掉的员工，不是""上班永远迟到”的你，也不是""下班后不看微信""的你，而是天天说这5句话的你",1,100001,202,87,http://mp.weixin.qq.com/s?__biz=MzI2NDY1MDU3OA==&mid=2247485912&idx=1&sn=c6d23c7989e2bbfa6fa0079d45339cf3&chksm=eb92455927a8d43429b232c5621c9f58925d6794935367ebc8a6a3217ff86c4590bfe43131b3&scene=126&sessionid=0#rd
2024-02-13 19:16:00,大过年的，为什么别人都不主动联系你？7句话道出人性，太现实了！,1,100001,539,242,http://mp.weixin.qq.com/s?__biz=MzI2NDY1MDU3OA==&mid=2247485902&idx=1&sn=3867907ca491b2175e87e500822f9e27&chksm=eb6436d2452148be549db876a8096c4d25e69f18cc4869563f73a8bbfa2da995809690e342ea&scene=126&sessionid=0#rd
2024-02-06 20:14:00,让领导舒服死的拜年专用短信话术,1,100001,1619,1217,http://mp.weixin.qq.com/s?__biz=MzI2NDY1MDU3OA==&mid=2247485804&idx=1&sn=1b2dd589b162731e1bc787c20f72e0b1&chksm=eb45526bad3eecf5cb47325484cba0667b3de5f443744f9e13109e37cf6a4149c6d1f089dde2&scene=126&sessionid=0#rd
2024-02-04 19:38:00,为什么领导都不容易生病？说出理由后，网友：受教了,1,100001,602,248,http://mp.weixin.qq.com/s?__biz=MzI2NDY1MDU3OA==&mid=2247485782&idx=1&sn=a35aa41ebe893b0b1e35d3338be6f8dc&chksm=eb75ba43e6bdef19a7dc133f4ed54ce231d30575c5d84a770fd6de3a4e9f608b395d1e0b7606&scene=126&sessionid=0#rd
2024-01-27 19:47:00,给领导发拜年短信，老实人发“新年快乐”被冷落，高情商的人这么发,1,100001,1613,997,http://mp.weixin.qq.com/s?__biz=MzI2NDY1MDU3OA==&mid=2247485682&idx=1&sn=6946485bc0bffbfb6f4f18c0a53627fd&chksm=eb0bd335fd7a7bf504d8d6845a9903fd7b40c57608be0458fa5343983d42de308380ddc161db&scene=126&sessionid=0#rd
2024-01-26 19:59:00,在单位，想搞定一个女同事非常简单，记住这8个字就够了！,1,100001,111,44,http://mp.weixin.qq.com/s?__biz=MzI2NDY1MDU3OA==&mid=2247485667&idx=1&sn=2dd7e343836b78601a2bb08a482e57fa&chksm=ebccc4263560a5eaf12f2b276cf47d7e7f7167e648070720fbc9b32b4184eda3aa7661b24dd9&scene=126&sessionid=0#rd
2024-01-23 19:48:00,单位里，有4样东西，永远不要交给领导，否则他一定会把你用废！,1,100001,128,48,http://mp.weixin.qq.com/s?__biz=MzI2NDY1MDU3OA==&mid=2247485624&idx=1&sn=78a1ecb879c8a8d980320365080351aa&chksm=ebdf95d1d1a7547fc259088ae4bf879394005c9a9f82a6e09ce1c1657e7eb734bdf6964e0ec4&scene=126&sessionid=0#rd
2024-01-20 19:00:00,单位里，永远不要说出这2个字！,1,100001,74,33,http://mp.weixin.qq.com/s?__biz=MzI2NDY1MDU3OA==&mid=2247485582&idx=1&sn=e2e50a795222b53baddf782f6955e047&chksm=eb8df3a507cb0c17d96eeee0d6dc50a2ebc5feb24683466c3cb68142b3b11d1f4ca82a5256ca&scene=126&sessionid=0#rd
2024-01-14 19:13:00,在单位，干掉不喜欢的同事，这5招就够了！,1,100001,145,57,http://mp.weixin.qq.com/s?__biz=MzI2NDY1MDU3OA==&mid=2247485479&idx=1&sn=31c4a60b2e951d8b8cb0a330016d463e&chksm=ebeeadc65b96084cd5bf150dde81c6b5398d2d35ca1a343e9e20fc59267fc7ec0b83c5e85fd3&scene=126&sessionid=0#rd
2024-01-11 19:00:00,真正对你好的领导，就这4个字！,1,100001,180,86,http://mp.weixin.qq.com/s?__biz=MzI2NDY1MDU3OA==&mid=2247485437&idx=1&sn=6a88f594fb3efb4a1c3f925af3b3a821&chksm=eb21b7c516abb5113de1013a8e2062bcf11b0dec486576db69a8660cf4e97b33f5c9c615ebbd&scene=126&sessionid=0#rd
2024-01-08 19:48:00,判断一个人有没有领导力，看这1点就够了,1,100001,116,57,http://mp.weixin.qq.com/s?__biz=MzI2NDY1MDU3OA==&mid=2247485391&idx=1&sn=3ae699a3823d1ea5a00d4e5513eb5117&chksm=eb16229723632fd5c37e8973c67daab4a6a699571799362804252047872d9866a88d7c1ba74c&scene=126&sessionid=0#rd
2023-12-30 21:17:00,有7件事，永远不要向领导汇报,1,100001,100,45,http://mp.weixin.qq.com/s?__biz=MzI2NDY1MDU3OA==&mid=2247485251&idx=1&sn=24fd85039a8d5c93f004b4fa4aaf87ee&chksm=eb557e9d064a301100726b300233403bf4f047fc378a109e6016ebba44558bb2d5f8b2a62342&scene=126&sessionid=0#rd
2024-05-15 19:00:00,单位里，要假装不知道的4件事：1、被同事孤立；2、同事间勾心斗角；3、同事向领导打你小报告；4、领导私下叫你办的事,1,94147,196,55,http://mp.weixin.qq.com/s?__biz=MzI2NDY1MDU3OA==&mid=2247487341&idx=1&sn=2f5dd0c9d1bca6ca8a920a8fde2c8afc&chksm=eb603d4418028c3ae4b1b37294a8138cc6f084b06cb70c6fe749c8df2918a385c9b68bcee50a&scene=126&sessionid=0#rd
2024-01-13 19:00:00,领导最烦的3种员工，工作再努力，也不会提拔,1,88108,57,27,http://mp.weixin.qq.com/s?__biz=MzI2NDY1MDU3OA==&mid=2247485468&idx=1&sn=90f267246212751f08c1aa489671e8fb&chksm=eb94d6dd09a5f8df7d18a78363449ed236b3c9888c5797727cafec78e7b1f150e49fa05209b9&scene=126&sessionid=0#rd
2024-05-16 21:23:57,在单位里，当你越来越优秀，成果突出，话语权就强了；渐渐地，你会发现，那些你不喜欢的同事小人，能对你产生的影响也会越来越小,1,88075,140,44,http://mp.weixin.qq.com/s?__biz=MzI2NDY1MDU3OA==&mid=2247487352&idx=1&sn=dd05fc6f780e0faa4f95b8fa2d21001d&chksm=ebb9714a2036a451fe51d5e3fa058999b5dc27099578d2ef48b4ee5630998a951b4f080f8804&scene=126&sessionid=0#rd
2024-03-20 21:22:00,单位里，一定要记住：1、领导不安排的，一概不做；2、别把同事当朋友；3、别把工作当全部；4、打工目的是跳槽，或提前退休,1,87466,160,47,http://mp.weixin.qq.com/s?__biz=MzI2NDY1MDU3OA==&mid=2247486462&idx=1&sn=a5b68a45cd1f30e21fafc532ba65c05c&chksm=eb13f47444b666bdfceeb76f18365e3befa2671e82d37f96d86e6cedcc7d1765ed6d6c0c4583&scene=126&sessionid=0#rd
2024-03-31 19:59:00,在单位，最得罪人的5个表现：1、直肠子，说话不过脑子；2、喜欢占同事便宜；3、背后说人闲话；4、贬低别人的成就；5、好为人师,1,86045,86,30,http://mp.weixin.qq.com/s?__biz=MzI2NDY1MDU3OA==&mid=2247486593&idx=1&sn=cf1cfe8d53d7aaabd8af7316a4f9e1b1&chksm=eb628968d4eff19747316d61a48edc46da28d78a15a94cbec4fe1a5ed7eecbcf7929d6c9bc61&scene=126&sessionid=0#rd
2024-02-27 19:00:00,发现领导不喜欢你，不要去讨好，只须做好这5点,1,84012,100,38,http://mp.weixin.qq.com/s?__biz=MzI2NDY1MDU3OA==&mid=2247486058&idx=1&sn=12420e0fe3e85ae6500995756a5377f2&chksm=ebf0f25677c38fbe6ae0c40575e5f50b237d8f84ac6d73c5d784f2b5f0bdadaa84aa3ac380ce&scene=126&sessionid=0#rd
2024-04-09 21:10:00,单位里想提拔快，除了主要领导，不要轻易得罪五个人：1、班子成员；2、领导的亲信；3、提拔快的人；4、人缘好的人；5、HR负责人,1,83289,54,20,http://mp.weixin.qq.com/s?__biz=MzI2NDY1MDU3OA==&mid=2247486744&idx=1&sn=fa873b9bd132a54b285612c10fa609ef&chksm=eba69961533cf5c854714837c03d1dc92cdc9f90eb384d3d2fa23ef7b4354e1132da39065e34&scene=126&sessionid=0#rd
2024-02-22 22:06:00,单位里，没关系没背景，不用巴结领导，也不用讨好同事，记住这2个字，也能过得很好,1,83113,101,29,http://mp.weixin.qq.com/s?__biz=MzI2NDY1MDU3OA==&mid=2247486004&idx=1&sn=f106e0cc4c960ba93f2bcdcf31d9aa84&chksm=eb764bf9906cabb50b54cefb6c7ff4c7ee89e17a277c79c8f770a8cb906845efd2fbcc96becb&scene=126&sessionid=0#rd
2024-04-28 21:10:00,领导明确不提拔你，还让你负责重要工作，无非这4点原因,1,79910,150,56,http://mp.weixin.qq.com/s?__biz=MzI2NDY1MDU3OA==&mid=2247487017&idx=1&sn=b6408df393b95298b17562311ae4465b&chksm=eb8a5a09c3ef1b496488dd2789b3c46ab1439631395c14763de0b9aa568943c39eeb85c3573b&scene=126&sessionid=0#rd
2024-05-02 21:06:00,领导最讨厌的7种称呼，情商越低的人越喜欢叫！,1,77890,49,20,http://mp.weixin.qq.com/s?__biz=MzI2NDY1MDU3OA==&mid=2247487088&idx=1&sn=976e8adaca94619a8d05943bc19ea5bf&chksm=ebfb9d35fd31a2705e7d91fb55da13779e56771bc16ada4fdcf10a444c33366b4b2cace10c4d&scene=126&sessionid=0#rd
2024-02-17 20:37:59,退休领导酒后吐真言：想要被重用，能力是其次，这3点很重要,1,77561,95,46,http://mp.weixin.qq.com/s?__biz=MzI2NDY1MDU3OA==&mid=2247485944&idx=1&sn=2a0f8b050fd2b469b83fc7f2ba8d4d13&chksm=eb219d5b053bf3c471d774cd711be5da07360bfe4aa1fbbba1a15f715590f2d3a0ea301b5f50&scene=126&sessionid=0#rd
2024-02-05 19:12:00,出现这7个迹象，说明领导已经当心腹一样信任你，别傻傻不知道！,1,77398,79,20,http://mp.weixin.qq.com/s?__biz=MzI2NDY1MDU3OA==&mid=2247485793&idx=1&sn=d737f21dba22853f3fcbe05f5576faca&chksm=eb983455b72ab73c638964bca9b6934f79eddd098131cb804bbefd21e68c36059713d4e9bcdc&scene=126&sessionid=0#rd
2024-05-19 19:42:00,在单位，有这3个迹象，说明你快被淘汰了，要随时做好被裁员准备：1、工作没人管，不安排重要工作；2、领导爱理不理；3、同事孤立你,1,77153,81,33,http://mp.weixin.qq.com/s?__biz=MzI2NDY1MDU3OA==&mid=2247487385&idx=1&sn=341923b2d04b860ef3197993f860ef7a&chksm=eb72c31b9730c90541275afdf6c0e61765beafdc0faeac515cc58916d86101842ff75f1ca643&scene=126&sessionid=0#rd
2024-03-05 19:56:00,在单位，想搞定一个女同事非常简单，记住这8个字就够了！,1,76955,63,29,http://mp.weixin.qq.com/s?__biz=MzI2NDY1MDU3OA==&mid=2247486191&idx=1&sn=802b3e0ca81718874a89ed87d0da1f41&chksm=eb50435f6efa9233cd3a9cdae30dd2c4cb20b254d39d9fabb5784fc68acfd04457c89a9fc6b7&scene=126&sessionid=0#rd
2024-05-22 21:07:00,单位里，一个极其残酷且无奈的生存真相：1、没能力的少干活；2、会说话的不干活；3、有能力的多干活；4、好说话的干不完活,1,74451,218,75,http://mp.weixin.qq.com/s?__biz=MzI2NDY1MDU3OA==&mid=2247487426&idx=1&sn=9c7992cc123d359e3f8c0507d96a0987&chksm=eb3cd93b63a1f6e2619c58b8e1dd6c34760961aa9ce770d1a1460ec2f38479f7107635a4580e&scene=126&sessionid=0#rd
2024-01-07 19:58:00,单位里你越是这样，别人越不敢惹你，聪明人的八大手段，一定要上点心！,1,74393,132,45,http://mp.weixin.qq.com/s?__biz=MzI2NDY1MDU3OA==&mid=2247485378&idx=1&sn=2bcf42a9ed5f5255b107fa73f651131f&chksm=eb6ff94e8a8240284736971a23745b6fe6dccf58bbd3a69c942de80829576fea36effac5d940&scene=126&sessionid=0#rd
2024-05-28 20:30:58,在单位，如果你老实事少，从不给领导添麻烦，什么事都忍让，那么恭喜你，用不了多久，你就会成为单位里公认的“软柿子”！,1,74222,155,43,http://mp.weixin.qq.com/s?__biz=MzI2NDY1MDU3OA==&mid=2247487483&idx=1&sn=cc5cbafdde63a9b883e031751877edd6&chksm=ebd2e8b70fb673c060a96ed9f6671c2da1cfcbb488867c9fdf12afb2b988bfbfae40acd6831b&scene=126&sessionid=0#rd
2023-12-31 19:00:00,和同事相处请牢记，不交三底，不帮四忙！,1,70892,91,35,http://mp.weixin.qq.com/s?__biz=MzI2NDY1MDU3OA==&mid=2247485266&idx=1&sn=6839152aec0ddf6548fce71c15878f1e&chksm=eb69000ab800aa9398f41a992fe774575914cb089984a89d99ff7ae90f300e3df5dcc31c30b9&scene=126&sessionid=0#rd
2024-01-18 19:00:00,想要和领导搞好关系，除了送礼、拍马屁，聪明人这7大手段，你都想不到！,1,67348,101,51,http://mp.weixin.qq.com/s?__biz=MzI2NDY1MDU3OA==&mid=2247485539&idx=1&sn=ff842a1917836b01cf1f745aabd18d77&chksm=eb3eab4cb13aadc811c20097dc120fb1d4faefb1d9bc28c08508a7ee6ce4e7bac4f2fef45ff0&scene=126&sessionid=0#rd
2024-05-07 21:33:40,在单位，上个破班而已，没必要把自己搭进去：如果你的领导、同事还能让你血压飙升，说明你还没有离开他们的底气,1,65250,185,68,http://mp.weixin.qq.com/s?__biz=MzI2NDY1MDU3OA==&mid=2247487172&idx=1&sn=fd9c27a7e7bb764da92ac9b878856ee0&chksm=eb453eff7d0c3c233077f65c5738fc6f39dbcd2e1a51f6b1ea06add4608880c20df74d269e4e&scene=126&sessionid=0#rd
2024-05-13 21:21:00,单位里，永远记住，敢和这3种人翻脸，你的命运才会越来越好：1、给你负能量的人；2、对你索取过度的人；3、总劝你忍让的人,1,64448,107,48,http://mp.weixin.qq.com/s?__biz=MzI2NDY1MDU3OA==&mid=2247487248&idx=1&sn=3f940f4a87aed2e20c04960186b22ac0&chksm=eba7043b8f8559451472f95bd08932b8c545d3788fc21e34a1ca34d089fb67e00d70c89966ea&scene=126&sessionid=0#rd
2024-01-15 20:00:14,这3种工作，不要轻易辞掉，否则会后悔一辈子！,1,64241,60,24,http://mp.weixin.qq.com/s?__biz=MzI2NDY1MDU3OA==&mid=2247485493&idx=1&sn=0cd43ada72b09e4fa7b9222d22662a57&chksm=eb5b0c078c81277c8e446cb8cdd257189f423112462718a221179574bdc1924e03ff2d6554d6&scene=126&sessionid=0#rd
2024-05-31 21:55:00,永远不要在领导面前，随便说这5句话，领导很反感,1,64119,122,49,http://mp.weixin.qq.com/s?__biz=MzI2NDY1MDU3OA==&mid=2247487744&idx=1&sn=85766b4ae86e6e3d526a4f6c1bb32433&chksm=ebf286fc3284c122724301f8878d6d154212e7af52fcad80cdfa9a897fc9154eb283830a1775&scene=126&sessionid=0#rd
2024-04-20 22:14:00,单位里，一个人最掉价的7种行为，希望你一个都没有,1,60721,112,46,http://mp.weixin.qq.com/s?__biz=MzI2NDY1MDU3OA==&mid=2247486913&idx=1&sn=a6831210b2388d9a6ca62cff9a054cdf&chksm=ebe9a9dfedc668f21eee2c6f79d60868fa760e66aee08985efd227edb9ef8b117cd40c0fe995&scene=126&sessionid=0#rd
2024-02-03 20:23:00,单位里，坏到骨子里不能深交的同事，身上都有这 6 个特点,1,59404,113,58,http://mp.weixin.qq.com/s?__biz=MzI2NDY1MDU3OA==&mid=2247485771&idx=1&sn=2781acb18ad5ae9fc2a6c0a2dd503f36&chksm=ebadc002d2493d1d4dc9f12a2afd514623165803514c7677cc84a0d0e4cb9e472960b4a61444&scene=126&sessionid=0#rd
2024-04-10 21:55:00,单位里，无论领导多么信任你，这4件事都别干！,1,59119,74,27,http://mp.weixin.qq.com/s?__biz=MzI2NDY1MDU3OA==&mid=2247486755&idx=1&sn=809ef9d778013a623d84791e0568640a&chksm=eb23afe17a0479956cea44efe069bbff9146132c827db380332f6e1aed807f6157c392eed4fc&scene=126&sessionid=0#rd
2024-04-03 21:00:00,单位里，一定要坚持做这4件事：1、给领导朋友圈点赞；2、多赞美领导和同事；3、投资自己的成长；4、拒绝不合理的人和事,1,58085,68,31,http://mp.weixin.qq.com/s?__biz=MzI2NDY1MDU3OA==&mid=2247486644&idx=1&sn=365cf507ff3c8ada7fc064020d6d91d6&chksm=eb3c94c914149cc145d37d67c781aa81ac9a7dc7cf9e783cba9b84edbcbecc74a0c8e6502f46&scene=126&sessionid=0#rd
2024-06-03 21:08:00,观察单位里“心眼坏”的人，会发现他们都爱打听这些事：1、打听你的人脉；2、打听你的收入；3、打听你的喜恶；4、打听你对人和事看法,1,57177,108,30,http://mp.weixin.qq.com/s?__biz=MzI2NDY1MDU3OA==&mid=2247487764&idx=1&sn=16235da92c5eea40d37244fae8e29e35&chksm=eb2b79bc3cd4e4e4e84e8f7e877517d87bc637240d15a149cf258f6a802e0f6d1871314c4b40&scene=126&sessionid=0#rd
2024-02-23 21:28:00,有7件事，永远不要向领导汇报,1,57175,45,21,http://mp.weixin.qq.com/s?__biz=MzI2NDY1MDU3OA==&mid=2247486012&idx=1&sn=15e872eb896f0d489d44df7acb630645&chksm=eb3b7b57cd9ee048e6d9418ab70ded80da309c76983537c4b05f165c475770a5ed4d60ec8edd&scene=126&sessionid=0#rd
2024-04-23 20:36:00,领导最想裁掉的员工：1、教领导做事；2、比领导更像领导；3、当众顶撞领导；4、背后议论领导；5、藐视领导定的规矩,1,57069,125,44,http://mp.weixin.qq.com/s?__biz=MzI2NDY1MDU3OA==&mid=2247486948&idx=1&sn=efe9a0a863e0bf5d6b5e05d081be5ab0&chksm=eb1efdb43d077b21324fa6b892f3adcb2d6fa4bb9e42c2763b001661d21546a721a7559be87e&scene=126&sessionid=0#rd
2024-02-08 20:38:00,给领导发拜年短信，老实人发“新年快乐”被冷落，高情商的人这么发,2,56225,45,15,http://mp.weixin.qq.com/s?__biz=MzI2NDY1MDU3OA==&mid=2247485829&idx=2&sn=db08cff9d97c81242c3e1ceb3a2df1eb&chksm=ebb61362dd1921cf8a9621e40d0b1ed8d2393e711042459a702407e93a10f299e10a44a457e2&scene=126&sessionid=0#rd
2024-05-17 21:10:00,在单位，如果有人冤枉你，给你甩锅，永远不要拿着喇叭自证清白，更不要跟同事撕破脸，而是反思怎么让别人不敢甩锅,1,55578,154,46,http://mp.weixin.qq.com/s?__biz=MzI2NDY1MDU3OA==&mid=2247487364&idx=1&sn=b7377772ec694533dcb994ea7fa5630b&chksm=ebdfab39358ac4fc38656085d0177274ea0762ffdb1be239887dd6dc5f522151aee22cd21ea9&scene=126&sessionid=0#rd
2024-04-25 21:40:00,离职前才知道的残酷真相：1、领导真爱的唯一方式，是升职加薪；2、今天是骨干，明天可能是骨灰；3、聪明工作，有限努力,1,52600,127,40,http://mp.weixin.qq.com/s?__biz=MzI2NDY1MDU3OA==&mid=2247486974&idx=1&sn=5a59b21d8b4403ff56cb08e1d106c114&chksm=eba8c2d7756eaac5db7312b32a9ac10f17d2a572891b6f29e0b4f0c83f0132bbf3ac89ad4aab&scene=126&sessionid=0#rd
2024-06-01 20:14:00,永远不要在同事面前，随便说这6句话，让人很反感,1,52001,108,34,http://mp.weixin.qq.com/s?__biz=MzI2NDY1MDU3OA==&mid=2247487748&idx=1&sn=21ffc8e5b4d41e3484dc0f99eea9b38f&chksm=eb7fc605a6034c810d40eaed243b6851110b743bed99c5d0f4745e71bd06bd1e158e3158bafc&scene=126&sessionid=0#rd
2024-01-22 19:00:00,领导最讨厌的7种称呼，情商越低的人越喜欢叫！,2,49485,43,12,http://mp.weixin.qq.com/s?__biz=MzI2NDY1MDU3OA==&mid=2247485610&idx=2&sn=02f16338584f28cfcd737a7983588e8b&chksm=eba508ce83ac7cae319b3b4bad5899952703a6360ac6a6f924f7abc524dbd1ea9dde6819ed5f&scene=126&sessionid=0#rd
2024-03-03 19:43:57,在单位，只要过了35岁，不管多有本事，都要和这 4 种人搞好关系,1,48818,62,21,http://mp.weixin.qq.com/s?__biz=MzI2NDY1MDU3OA==&mid=2247486112&idx=1&sn=76a8d052af49ec0f1432a79b041489ed&chksm=eb49c61dfb4959af588615545ad9ccb41fcf5b90019bf0f64b1becae36b8d431f56991bd1c65&scene=0&xtrack=1#rd
2024-03-12 19:28:00,和同事相处请牢记，不交三底，不帮三忙！,1,48498,95,39,http://mp.weixin.qq.com/s?__biz=MzI2NDY1MDU3OA==&mid=2247486273&idx=1&sn=620c19cc5b5186602c4cb1a5bb1083ca&chksm=eb3e0bcae6cf8d0b04484c4e43ffa0548fdecd22dacd4d389ac26ecf0c5b66189f55628fc7f8&scene=126&sessionid=0#rd
2024-01-29 19:36:00,领导最爱提拔的 4 种人，不会也要装一装，其中有你吗？,1,48285,59,19,http://mp.weixin.qq.com/s?__biz=MzI2NDY1MDU3OA==&mid=2247485712&idx=1&sn=240bc09626e1da449604dce30d1be31d&chksm=eb34f33421527ba6f836d95d7131a6dec7bacfdbda6b37874712b230c33d94d8d0ebd4239d1e&scene=126&sessionid=0#rd
2024-03-06 19:44:00,在领导面前，永远要戒掉这3个字,1,45787,43,15,http://mp.weixin.qq.com/s?__biz=MzI2NDY1MDU3OA==&mid=2247486205&idx=1&sn=e3c6941b5abedb710082b0ba2d1c5294&chksm=ebaa3828bcbd8e6b45829b3e1cedae40cf22d75a9aee8b008b2992ab1e4d0ab994ee5228e0c5&scene=126&sessionid=0#rd
2024-04-15 21:22:00,单位内，请停止做这6件事：1、八卦；2、过度加班；3、不必要的会议；4、混日子；5、顶撞领导；6、一上班就埋头苦干,1,44446,51,19,http://mp.weixin.qq.com/s?__biz=MzI2NDY1MDU3OA==&mid=2247486851&idx=1&sn=cf9185a97254e87b1a98dd0a85d04e17&chksm=ebbf4555cee3afdc5942fc1b5206faaa5d5de155bdea95f066b620169279506252ff6fd90beb&scene=126&sessionid=0#rd
2024-05-14 21:31:00,观察单位里“城府很深”的人，都有这些共同特点：1、看破不说破，说话留三分；2、善于控制情绪；3、几乎不聊私事；4、力都用在暗处,1,43955,123,40,http://mp.weixin.qq.com/s?__biz=MzI2NDY1MDU3OA==&mid=2247487260&idx=1&sn=4a80accbf0eced5b9bc3e790a869adde&chksm=eba3abbaa19c8a88e334bf920efd02bbd436c1b81b68d44dd712607c76aec9a0f3a25ed13f1a&scene=126&sessionid=0#rd
2024-05-27 21:28:00,在单位，有这3个迹象，你该离职了：1、收入和付出长期不对等； 2、领导和同事始终不认可你； 3、个人成长停滞，长期内耗,1,43242,98,25,http://mp.weixin.qq.com/s?__biz=MzI2NDY1MDU3OA==&mid=2247487474&idx=1&sn=24430e3e1e6a6d83588f79945012dfb7&chksm=ebd97deeb32694073ff819d0c42030ada760bac50bbb455aa109457c269651a894d86c4e1e4b&scene=126&sessionid=0#rd
2024-04-22 21:19:00,能力强的人，得不到提拔，大都具有这4个毛病,1,42043,88,34,http://mp.weixin.qq.com/s?__biz=MzI2NDY1MDU3OA==&mid=2247486937&idx=1&sn=db6bcd82eed11e82e3c087d5dcafcd99&chksm=eb380ffc52ccd23a8dbc055ad6fb39da00e1342f3ba8bdc0e646eda68ed31cf00e2f8b24cb8b&scene=126&sessionid=0#rd
2024-04-12 20:30:00,单位里，领导想提拔你，会有5个表现：1、强调你的贡献；2、给予关键任务；3、耐心指导你；4、给你发言的机会；5、带你参加高层会议,1,41077,52,11,http://mp.weixin.qq.com/s?__biz=MzI2NDY1MDU3OA==&mid=2247486803&idx=1&sn=27f1135e3719e0e955b0c0dbfff8168a&chksm=eb641eb6205f39699fda27dbd45589e51c5f27c2fca20bece1aba0467fa6f88ee3d9ba336526&scene=126&sessionid=0#rd
2024-05-09 22:01:00,观察单位里“从不内耗”的人，都做到了这4个不怕：1、不怕得罪同事；2、不怕犯错挨骂；3、不怕自己不会；4.不怕吃眼前亏,1,40745,94,31,http://mp.weixin.qq.com/s?__biz=MzI2NDY1MDU3OA==&mid=2247487197&idx=1&sn=6ebec70f4d81fc8048a079c5ff38262f&chksm=ebe5c4433694b08bd9a9125fe778c1590e7567f54df34c7e510b4e8d0d0b9d624ef07c93dc0b&scene=126&sessionid=0#rd
2024-05-05 22:50:00,单位里，永远不要说出这2个字！,1,40531,61,21,http://mp.weixin.qq.com/s?__biz=MzI2NDY1MDU3OA==&mid=2247487149&idx=1&sn=6c293a820065eff8177f2464074abd69&chksm=eb60d33ab5b807ef26f305a1c022093904bddbb6a3e410f78046a4bcf570ac8b780b1e935243&scene=126&sessionid=0#rd
2024-04-16 21:07:00,单位里，一个人要“改命”， 必须抓住4个机会：1、领导批评你时；2、领导遇到难题时；3、集体头脑风暴时；4、自己默默无闻时,1,39518,82,27,http://mp.weixin.qq.com/s?__biz=MzI2NDY1MDU3OA==&mid=2247486865&idx=1&sn=92a9829be96a6cc5046620c561327e1c&chksm=ebe9e56fdd759ee1a5e6a6f039b5548003ff0be00442454727a6f2e3a56b4a906f1f5805362f&scene=126&sessionid=0#rd
2024-03-09 20:39:00,想让领导不敢惹你，不用靠背景，做到这3点就够了！,1,39436,68,20,http://mp.weixin.qq.com/s?__biz=MzI2NDY1MDU3OA==&mid=2247486232&idx=1&sn=14c482ce17cba682e475ab95d0f32cbd&chksm=eba5a7750b3db901ed775cbee5afbb23709b30a1f7d999e6413ccf1d748df662fc23e756dc96&scene=126&sessionid=0#rd
2024-05-12 20:54:00,单位里，活得通透的人：1、不把加班当功绩；2、不把领导当成神 ；3、不把同事当朋友；4、不把忙碌当充实,1,39339,124,38,http://mp.weixin.qq.com/s?__biz=MzI2NDY1MDU3OA==&mid=2247487237&idx=1&sn=d0a80d97d716cbd969fec476f9295a02&chksm=eb7d33dfbdceb7fd8f58a659e5db78fa5b835e52e614fdbfa8c497fec75b2eb790cb0fa8ff0c&scene=126&sessionid=0#rd
2024-06-16 19:20:00,在单位，有4条路你永远不要挡，你要是挡了，工作就难了：1、不要挡领导的财路；2、不要挡同事的快路；3、不要挡小人的小路...,1,38750,109,26,http://mp.weixin.qq.com/s?__biz=MzI2NDY1MDU3OA==&mid=2247487905&idx=1&sn=4a0cb836e0654260f258f93f637f6a85&chksm=eb1c557957e99b69440a5269d94c921e7f8cf2b9d61d346c881b6a30295b604cbb1f954ceb42&scene=126&sessionid=0#rd
2024-04-29 19:00:00,想被领导提拔，最简单粗暴的2个办法,1,38349,87,27,http://mp.weixin.qq.com/s?__biz=MzI2NDY1MDU3OA==&mid=2247487029&idx=1&sn=f0846d56590f0c3055e79ff1f03dedaa&chksm=ebb1424c2edbb5d37fd736caa98120173c7d69719fca7d4b6393aa61e323c5157bc3dafd9ff5&scene=126&sessionid=0#rd
2024-05-04 22:42:00,领导最烦的3种员工，工作再努力，也不会提拔,1,36237,44,12,http://mp.weixin.qq.com/s?__biz=MzI2NDY1MDU3OA==&mid=2247487141&idx=1&sn=04669d7a88c58672b2d5ebe54e100bdc&chksm=eb1dc71b9b462527b0f578280c44eaffc15e67cc8a691877149671fb85a4ba6043a2d6c3ab60&scene=126&sessionid=0#rd
2024-02-01 19:00:00,单位里，领导眼中最廉价的员工，不是穿不起名牌的你，也不是端茶倒水的你，而是这5种！,1,35895,59,33,http://mp.weixin.qq.com/s?__biz=MzI2NDY1MDU3OA==&mid=2247485752&idx=1&sn=fc3c52061a0912be497d880466103ef7&chksm=eb7ce54c448dc6152048af5002f312c099032d46efea875e4a7e7428ffdc96fa9e3f179cfe8e&scene=126&sessionid=0#rd
2024-04-30 19:00:00,单位里，我见过最愚蠢的行为：就是无论大事小事，连准备都没有，就一头扎进领导办公室开始汇报，真的很傻,1,34732,54,17,http://mp.weixin.qq.com/s?__biz=MzI2NDY1MDU3OA==&mid=2247487040&idx=1&sn=5ff61f2b5292a86b6868d0f1d8b0fa99&chksm=ebcc812988f95d56d68c7ac86e55377424d57021c46c6100c8c1efdf8e3e61e025aab1413351&scene=126&sessionid=0#rd
2024-04-21 19:47:00,领导有没有把你当自己人，看这5点就够了，真的太准了,1,34294,80,31,http://mp.weixin.qq.com/s?__biz=MzI2NDY1MDU3OA==&mid=2247486924&idx=1&sn=12fe262b413132192a31b07a1e247859&chksm=ebe65748d10d9f5e7f97b202e3772d35e7f668095ce56f5cd009b6dd3efb81695951185cb36e&scene=126&sessionid=0#rd
2024-04-11 22:00:00,​领导对你有这7个行为，说明他讨厌你，别再傻傻地埋头工作了,2,33657,30,12,http://mp.weixin.qq.com/s?__biz=MzI2NDY1MDU3OA==&mid=2247486780&idx=2&sn=acba9374920cf47090eb481c717f5d50&chksm=eb930de6bed628fb4b5d9abc3dc6cecdbc8fe6539f8357bf2285f4cd04dd24f93483b521631c&scene=126&sessionid=0#rd
2024-04-26 20:56:59,领导安排这4件事，聪明的人选择推脱，老实人却抢着做,1,33546,76,34,http://mp.weixin.qq.com/s?__biz=MzI2NDY1MDU3OA==&mid=2247486985&idx=1&sn=51ff2dcbba4fb17c130b5a9fa2c5d445&chksm=ebac6867f87bf6e3addeba402900008385d4b8b6710545b37e8e7d53a5e9c1aedb350f8f3d48&scene=126&sessionid=0#rd
2024-06-14 21:29:00,在单位，没人告诉你的人情世故：1、不要空口道谢；2、不要越级表现；3、不要好为人师；4、答应要磨叽，拒绝要果断；5、坚信利益至上,1,33392,159,49,http://mp.weixin.qq.com/s?__biz=MzI2NDY1MDU3OA==&mid=2247487887&idx=1&sn=9b5b12045c1e914f67c6d4ef9244eace&chksm=ebef9a137b030be0cf9de8e5e9c277908c66255b8df83e03e58bfc2a80f4aeb6af8782e65120&scene=126&sessionid=0#rd
2024-02-10 19:00:00,​领导对你有这7个行为，说明他讨厌你，别再傻傻地埋头工作了,1,32285,37,17,http://mp.weixin.qq.com/s?__biz=MzI2NDY1MDU3OA==&mid=2247485869&idx=1&sn=b3516f2fa4dbfa9d5da51a857799791d&chksm=ebe093e02ac5b98bcf5da3603ff1b9e63499f953e4c895e6e9f498d32a655e1de36daa1f4ddf&scene=126&sessionid=0#rd
2024-06-08 21:38:00,领导跟你说这5句话，不是关心你，是在敲打你，别再傻傻不知道了,1,32248,77,23,http://mp.weixin.qq.com/s?__biz=MzI2NDY1MDU3OA==&mid=2247487832&idx=1&sn=bb4c1ea6823521d33fc39717876ec89b&chksm=eb07c02bd929531d66934ea18d583493632cf8c20b3b373fd7ecb7e226796704b5f7f0d756f1&scene=126&sessionid=0#rd
2024-06-21 21:12:00,永远不要轻信你的同事，尤其要警惕这4种话,1,32001,136,42,http://mp.weixin.qq.com/s?__biz=MzI2NDY1MDU3OA==&mid=2247487964&idx=1&sn=be61705e4ab9f11ec45868e508c4f5d4&chksm=eb0c772decae7b24947f3d126591b9c3a22eaead3db58124dc51da39dafe17946068eab02dc7&scene=126&sessionid=0#rd
2024-05-20 23:04:00,单位里，提拔快的人，不愿意告诉别人的“适当法则”：1、适当露一手能力；2、适当亮一下关系；3、适当发一发脾气；4、适当留一手,1,30582,98,30,http://mp.weixin.qq.com/s?__biz=MzI2NDY1MDU3OA==&mid=2247487403&idx=1&sn=adab287f32cef11948fc7d8be5f665e3&chksm=eb448d8be23f7950b8a4d4163ac03e223e37ceca2ff76d266375f99442127a33456d34a0fa96&scene=126&sessionid=0#rd
2024-05-29 21:13:00,不管在哪里上班，要想混得开，永远记住这4件事：1、不要和同事明面闹红脸；2、不要同情任何人；3、不要敬怕领导；4、不忽略自我成长,1,30478,188,50,http://mp.weixin.qq.com/s?__biz=MzI2NDY1MDU3OA==&mid=2247487644&idx=1&sn=153115ebf65d0da3e658bfa19bf39568&chksm=ebd48dc252ffc15af273a0a601297a57934cdc75228a9bda0495e316961bb8136ac6f8a1e2d0&scene=126&sessionid=0#rd
2024-04-07 19:47:00,20年资深老HR建议：1、不要轻易接受降薪；2、不要轻易签字调岗；3、不要害怕HR威胁；4、跟HR单独谈话一定要录音,1,30467,42,20,http://mp.weixin.qq.com/s?__biz=MzI2NDY1MDU3OA==&mid=2247486702&idx=1&sn=13a9fa7f51844f8aef766e22b83a0245&chksm=ebe228db84a3bf73b56945516cd3ce9e65e5fe85e816bc60161a1d94651778cfda2a142072d4&scene=126&sessionid=0#rd
2024-05-08 21:32:00,单位里，领导对你不好的原因，只有3点最真实：1、领导对你有误会；2、你没进领导核心圈子；3、你没机会在领导面前表现,1,30399,53,18,http://mp.weixin.qq.com/s?__biz=MzI2NDY1MDU3OA==&mid=2247487183&idx=1&sn=626bb2ece0fdebd583ff5e22e06359dc&chksm=eb7ebd24b50d6fab3f046f33efa6c88cab77f11fa8aa4d9deae235f556dbcbd9fe48c6635983&scene=126&sessionid=0#rd
2024-04-19 21:14:00,和领导搞好关系，要牢记这8个字,1,29614,93,30,http://mp.weixin.qq.com/s?__biz=MzI2NDY1MDU3OA==&mid=2247486902&idx=1&sn=c10f8ffcf86af9a16195ff0d7b75c4c4&chksm=ebc7df9c9a128a386086034d966d458fea101f6f32a1847809319aafc11f9de98d068dd07493&scene=126&sessionid=0#rd
2024-02-12 19:07:00,研究了25位女领导发现：适合当领导的女性，都有这7个特质！,1,29285,42,19,http://mp.weixin.qq.com/s?__biz=MzI2NDY1MDU3OA==&mid=2247485888&idx=1&sn=44a905dc3e2e5ea7fd9fcb82f9767786&chksm=ebf15308fd66e7b1f4963a4adbfc9661448158b0f811598f9e84c1535e2a317de81a05cb7dd1&scene=126&sessionid=0#rd
2024-01-21 19:02:00,和同事说话长点心，这5句话千万别说！,1,28682,51,21,http://mp.weixin.qq.com/s?__biz=MzI2NDY1MDU3OA==&mid=2247485595&idx=1&sn=f3388c501166724cc062c895d2332bca&chksm=eb4c7141fb9d81f318edb76340eafe3e90e4078634808cc64ae8679b0d425ebf9f108a9e4583&scene=126&sessionid=0#rd
2024-06-07 21:34:00,观察单位里“吃得开”的人，都有这些共同特点：1、情商高，会夸人；2、业务能力强；3、有边界，会装傻；4、情绪稳，不怕吃小亏…,1,26788,87,26,http://mp.weixin.qq.com/s?__biz=MzI2NDY1MDU3OA==&mid=2247487823&idx=1&sn=033a8d7f58a45e25e93af21c1c8e9279&chksm=eb1de0e27893206a1226fbc3f4fb2a0140d023f4e02a5d12ee78c8e8204ba50c8d61d2572c14&scene=126&sessionid=0#rd
2024-04-27 12:05:32,领导向你打听这5件事，即使你知道也决不能说,2,26608,52,24,http://mp.weixin.qq.com/s?__biz=MzI2NDY1MDU3OA==&mid=2247487005&idx=2&sn=47ad2df99f8058200fe89742942816b1&chksm=eb1674cd7993c268d3847b2c850fee50297338cd2682122167945d8cbf6533a3203e4d17075b&scene=126&sessionid=0#rd
2024-05-10 21:10:00,单位里，工作能力强的人都有这些特点：1、接受工作，先问标准；2、开展工作，明确计划；3、请示工作，带着方案4、汇报工作，先说结果,1,26570,106,40,http://mp.weixin.qq.com/s?__biz=MzI2NDY1MDU3OA==&mid=2247487213&idx=1&sn=2ae1e1b5fb54f5c8c126f64cf703f303&chksm=ebfc7d7c89a0d2f35b1f1fde692e3a0b22a562e64aa4d25d1e7a28fe9d43bd6c1d0d0ac02a6d&scene=126&sessionid=0#rd
2024-06-23 21:20:14,单位里，和领导打交道的5个潜规则：1、学会送小礼；2、不要抢领导风头；3、不要越级汇报；4、不要没大没小；5、给领导预留指导空间,1,26441,80,35,http://mp.weixin.qq.com/s?__biz=MzI2NDY1MDU3OA==&mid=2247488011&idx=1&sn=cb41e846154f5efff581be13db38fd93&chksm=ebc386deffb69cdd0fd9e6b3768bf6df49d799123d85d453695e1343886cb63a2624eae94db0&scene=0&xtrack=1#rd
2024-05-03 20:52:00,真正对你好的领导，就这4个字！,1,25998,109,38,http://mp.weixin.qq.com/s?__biz=MzI2NDY1MDU3OA==&mid=2247487097&idx=1&sn=1b300c964a37d79e2cfd942344c41df2&chksm=eb8c8b1370ccc385a891902af366aeabc239e79819c2de9998cef13d0368acc4ba088af971df&scene=126&sessionid=0#rd
2024-06-11 21:12:00,单位里，越是没水平的领导，越爱对下属说这4句话：1、按我说的做；2、开会再做决定；3、不想干就滚蛋/扣钱......,1,24848,77,32,http://mp.weixin.qq.com/s?__biz=MzI2NDY1MDU3OA==&mid=2247487859&idx=1&sn=99ab5ac72f2bd9a50adefc9ba3ab6d2c&chksm=eb9424192eb9228010717c2fe3ee5834fc557fe28bc90a415e7567a1b7289f9f48c78c9a660c&scene=126&sessionid=0#rd
2024-01-28 19:43:00,即兴讲话的3个常用套路，再也不怕没话可讲！,1,24392,66,28,http://mp.weixin.qq.com/s?__biz=MzI2NDY1MDU3OA==&mid=2247485695&idx=1&sn=a47b32ef9578a82d4ea9b7615e1bbeb5&chksm=eb60a44471bb6795ec2816e1ec55e4d8927b66379ac57169e97435ab2c70e77fc94982d97f19&scene=126&sessionid=0#rd
2024-04-14 20:15:00,单位里，年过35岁最大的悲哀，不是被00后管，而是工作这么久了，还深信这4种底层思维,1,24371,50,12,http://mp.weixin.qq.com/s?__biz=MzI2NDY1MDU3OA==&mid=2247486839&idx=1&sn=01242f8848e1ccd4c46dc97a15d11d19&chksm=ebe54b9ca0489c523aa3a9fb69ff2fc95531b9cb6f16dddc21defe53cfce058aed15dcabef69&scene=126&sessionid=0#rd
2023-12-29 20:56:00,领导有没有把你当“亲信”，透过“5件事”可以判断，别再傻干了,1,23929,29,12,http://mp.weixin.qq.com/s?__biz=MzI2NDY1MDU3OA==&mid=2247485231&idx=1&sn=e97f3b30969cd2a6300a8f8d56e4bed3&chksm=ebf476ecbf389f8e9b379e19af291c77a307996e5bd4a37b772d4b8c5d24b8c53a1dbcc9badb&scene=126&sessionid=0#rd
2024-02-02 22:26:00,给领导送礼，要规避这4个“禁忌”,1,23655,36,17,http://mp.weixin.qq.com/s?__biz=MzI2NDY1MDU3OA==&mid=2247485761&idx=1&sn=199b095227c23dfce829a248c1513e35&chksm=eb8e55607dcab70135c98e73a0a293b9a758cc712841c89e3b8d7e579fb3b39aeab0013eba90&scene=126&sessionid=0#rd
2024-02-09 19:40:00,2024年最高级的祝福语：龙行龘龘，前程朤朤，生活䲜䲜！,1,23301,68,46,http://mp.weixin.qq.com/s?__biz=MzI2NDY1MDU3OA==&mid=2247485852&idx=1&sn=49a46983820d38628f5148714aa38155&chksm=eb9e8d49bdfee40b4e7575460d6b0608151b639cdfabee1944c09971e690c973f68bd3e6a581&scene=126&sessionid=0#rd
2024-05-18 20:16:00,观察单位里“从不内耗”的人，都有这些共同特点：1、领导的评价，不过分在意；2、同事的话，不往心里去；3、永远清楚自己真正要什么,1,22409,86,31,http://mp.weixin.qq.com/s?__biz=MzI2NDY1MDU3OA==&mid=2247487374&idx=1&sn=12948a91ba3afdb20f91ff4cee1fbf49&chksm=ebba9bbc7070e74c06993d5d4604374650765f5a6143bcb35b4535604b6c1cf93ea24ed228a2&scene=126&sessionid=0#rd
2024-06-12 22:03:00,在单位，请记住：1、工作受了委屈，理直气壮喊出来；2、身体不舒服，别怕请病假；3、工作负担太重，大大方方找领导谈，戒掉唯唯诺诺…,1,21847,117,36,http://mp.weixin.qq.com/s?__biz=MzI2NDY1MDU3OA==&mid=2247487871&idx=1&sn=3b67ccfe466a79bc0e99ae6378068076&chksm=ebe75e650dd84507e778ee8ffa1059562d19538d238a8aa280f9e7e7a30ea0202d3f13bc475e&scene=126&sessionid=0#rd
2024-01-19 19:00:00,单位里，被同事抱团排挤，不要离职更不要示弱，这4招轻松应对！,1,21619,57,21,http://mp.weixin.qq.com/s?__biz=MzI2NDY1MDU3OA==&mid=2247485562&idx=1&sn=4914ebaec68ac678a18e730a176dc6cc&chksm=eb04886e1d4048fdcb8c2c87addd9219d2a0598a5c6c2dcd41c41538694be8f4ed3990e91c9e&scene=126&sessionid=0#rd
2024-01-25 19:43:00,领导最厉害的整人手段，绝不是打压，而是这4招！,1,21432,64,23,http://mp.weixin.qq.com/s?__biz=MzI2NDY1MDU3OA==&mid=2247485656&idx=1&sn=3f454f5cf84b9e00510cd19be8e6a8ab&chksm=ebbc1074aeb0fcb8c61540015583b8049c406ab4c6a8ac655fae32efae29623eeb981a428dad&scene=126&sessionid=0#rd
2024-06-09 20:42:00,单位里，永远要记住：人过35岁，不管多有本事，也要和这 4 种人搞好关系,1,20416,75,21,http://mp.weixin.qq.com/s?__biz=MzI2NDY1MDU3OA==&mid=2247487837&idx=1&sn=85e445335503cccdb58a6c6b110295b5&chksm=eb5c02a96fdab7440488a5773097c0d2bfd64f8c49565d26202438df35a445373c2c35b65920&scene=126&sessionid=0#rd
2024-06-15 21:08:00,有这4种信号，说明你被同事孤立了,1,19802,94,26,http://mp.weixin.qq.com/s?__biz=MzI2NDY1MDU3OA==&mid=2247487895&idx=1&sn=c064cd94f3932a6ec1c77aa1be15d359&chksm=eb0829f3c802866dd3358f000311123c0adc500840229b2271cdb971598b56b396d7e78fd513&scene=126&sessionid=0#rd
2024-01-09 19:38:00,​单位上，领导说“能者多劳”，员工回了四个字，领导沉默了！,1,19367,63,25,http://mp.weixin.qq.com/s?__biz=MzI2NDY1MDU3OA==&mid=2247485406&idx=1&sn=5237682a041ab256dd253cde0fae7f4b&chksm=eb46c275b0fbfcfd7933c8f52ded7b15eb84a69ae4ee301e98d60e08fe084a1db5680dfdd07a&scene=126&sessionid=0#rd
2024-05-24 22:01:44,单位里，“最恶心人”的同事，有4大表现：1、把占便宜当收益；2、把加班当作功绩；3、把告状当武器；4、把同事当空气,1,19273,73,25,http://mp.weixin.qq.com/s?__biz=MzI2NDY1MDU3OA==&mid=2247487447&idx=1&sn=7ac9b54e667ee30918bece2af1eb8960&chksm=eb743f5dd87f9f6c55fa463740a714e6e07848222c38188ad76d450824783cadd745860be016&scene=126&sessionid=0#rd
2024-06-20 21:16:17,在单位，请远离这四种“垃圾同事”：1、爱打小报告；2、负能量爆棚；3、遇事就甩锅，有功劳就蹭；4、让人帮忙理所当然,1,19009,86,21,http://mp.weixin.qq.com/s?__biz=MzI2NDY1MDU3OA==&mid=2247487950&idx=1&sn=e102c339033c6d6b24ae2397eb0a3c7c&chksm=ebbdfed20f738c03f56fbe30ebe078d7b1f49f3c5b637e257afa7ce586212e13a56d537aa9ac&scene=126&sessionid=0#rd
2024-05-23 21:10:00,单位上，领导喜欢你的原因，有4点最真实，其它都是扯淡：1、你办事靠谱；2、你会来事儿；3、你尊重领导；4、你手握重要的资源,1,18882,60,20,http://mp.weixin.qq.com/s?__biz=MzI2NDY1MDU3OA==&mid=2247487436&idx=1&sn=cacd598a0dded3bee960319af907d7a3&chksm=ebedb3240f15d49566414ac0f407c7a35fba1621b90baf6f36c1893e4924db04adcc3057f085&scene=126&sessionid=0#rd
2024-05-30 21:14:00,单位里，被领导重用的女生往往有这些共性：1、懂得表忠心；2、待人接物很大方；3、善于解决问题；4、情绪稳定；5、汇报有一手,1,18341,81,29,http://mp.weixin.qq.com/s?__biz=MzI2NDY1MDU3OA==&mid=2247487653&idx=1&sn=211f05710d6ccf7178f0fc2587e88ef8&chksm=eb3537feb40f24b6de343c89ce867b5ee5d843f1c8e48f02a1460b87d43f5a3b38e79f24881f&scene=126&sessionid=0#rd
2024-01-30 19:00:00,人品好的人，开口大多会说这 8 句话，遇到一定要深交！,1,18164,57,20,http://mp.weixin.qq.com/s?__biz=MzI2NDY1MDU3OA==&mid=2247485726&idx=1&sn=65dfc78427a6225ea7832d2143205062&chksm=eb4c6cd715a878eee7f4fa5558b87f90dc1b9ef272cb513a39c44dde4983ff723b4a3bf092cf&scene=126&sessionid=0#rd
2024-03-04 21:54:00,要离职了，千万不要跟领导说这4件事！,2,17666,28,7,http://mp.weixin.qq.com/s?__biz=MzI2NDY1MDU3OA==&mid=2247486123&idx=2&sn=c929e1d5a56156aaf7d04607595633f2&chksm=eb6c9d050ffa9b4d1d273e4b8af29b333f9eecd07ef715c12da0dcf79ec76dfd7e965bbe2d9c&scene=126&sessionid=0#rd
2024-02-29 19:00:24,上班最大的意义：不是那点工资，而是工作能让你有规律的生活，有见人的机会，有稳定的社交圈子，还有来自客户同事或多或少的压力,1,17537,95,44,http://mp.weixin.qq.com/s?__biz=MzI2NDY1MDU3OA==&mid=2247486073&idx=1&sn=348aad3b3c88569930005b148acbd9df&chksm=eb807ce47a771ba67bf242f76fc146754a012da4674e03caeabc3add933e3737d1ded5c8572a&scene=0&xtrack=1#rd
2024-06-22 20:28:35,观察单位里“混得开”的同事，发现他们都很“会装”：1、即使干活快，也装慢；2、即使不忙，也装忙；3、即使讨厌谁，也能装热情...,1,17069,77,17,http://mp.weixin.qq.com/s?__biz=MzI2NDY1MDU3OA==&mid=2247487978&idx=1&sn=9e395909ca2e40e9a2b4fc892473eeaa&chksm=eb27615f056b3fbd9e4d47817ae294b1a9f9c053bcfb6f0e75f34308df75cff58f8387810f91&scene=0&xtrack=1#rd
2024-02-18 21:29:00,新任领导，为什么会打压前任领导提拔的人？说出理由后，网友：受教了,1,17039,31,11,http://mp.weixin.qq.com/s?__biz=MzI2NDY1MDU3OA==&mid=2247485956&idx=1&sn=fe18c2646a6ccc505aa61f084668b49b&chksm=eb146a6e9aba7f83330672ef4d5541d8c4edc45ee6ac486720237291bad7b476594bcae8ff8f&scene=126&sessionid=0#rd
2024-05-06 21:23:00,这5种行为，领导不会明说，但心里会很反感，不注意早晚会吃亏！,1,16896,52,21,http://mp.weixin.qq.com/s?__biz=MzI2NDY1MDU3OA==&mid=2247487160&idx=1&sn=b10d65afd48d4a45589db16671c9c859&chksm=ebfc08c32f3cacc4144bf9e67fed292d8fbf1bbce02d94fc01ac550e310eaf5081f8bccada28&scene=126&sessionid=0#rd
2024-05-26 20:22:00,单位里，领导嘴上不说，实则很讨厌下属这4种行为：1、赚外快；2、没大没小；3、独占功劳；4、自以为是,1,16511,45,17,http://mp.weixin.qq.com/s?__biz=MzI2NDY1MDU3OA==&mid=2247487466&idx=1&sn=15b866626e9b0416fd5cfb36fcd417ee&chksm=eb7d14e2f4da20ebb8f57f152de15b2ed577cccb13d4f9bdff4289e945cf4d3f6b577b8efd05&scene=126&sessionid=0#rd
2024-06-10 19:00:00,单位里，一个领导到底值不值得追随，这4点就可以看透，越早知道越好：1、能不能论功行赏；2、干不干实事；3、是否处于权力中心...,1,16317,58,26,http://mp.weixin.qq.com/s?__biz=MzI2NDY1MDU3OA==&mid=2247487844&idx=1&sn=57c796b28347960ee04b6d4aa2636b77&chksm=ebad4e10608c7a07cb8dc26a5fb099416e9a43f9361e775201122bb3f0f01f0caed01c74b596&scene=126&sessionid=0#rd
2024-02-11 19:00:00,想被提拔，就去找领导，无须太多顾虑！,1,15988,43,17,http://mp.weixin.qq.com/s?__biz=MzI2NDY1MDU3OA==&mid=2247485880&idx=1&sn=eb5c98df39020f0df3c22b0fc71aa875&chksm=eb7fd0b6f771ce0b613e4e6f7381037050af9a9cfcdafd82f5a74bc08b10ef4f6f154c312641&scene=126&sessionid=0#rd
2024-02-07 20:09:00,让领导无法拒绝的送礼话术,1,15728,41,22,http://mp.weixin.qq.com/s?__biz=MzI2NDY1MDU3OA==&mid=2247485816&idx=1&sn=c26f9327982a89ddb9db490b74af74ca&chksm=eb43138f53a05f7043d94a4eb5fdebc17adb7ca11cf66b07e4af77e7346dff622d25c5a55244&scene=126&sessionid=0#rd
2024-06-06 21:03:00,单位里，不要轻易得罪这些人：1、领导身边的红人；2、单位里的闲人；3、资深老同事；4、阴险的小人；5、财务负责人,1,15380,44,19,http://mp.weixin.qq.com/s?__biz=MzI2NDY1MDU3OA==&mid=2247487815&idx=1&sn=6fc4b04108c468d5baf1bdb4c2007777&chksm=eb7e2acf5839b195194ebe62b3083181cd1482e1e777f17a27d39b3762880df4ae4eccb71121&scene=126&sessionid=0#rd
2024-02-26 22:19:00,在单位里，为什么别人敢欺负你、得罪你、算计你？无非就是这2个原因！,1,14200,42,22,http://mp.weixin.qq.com/s?__biz=MzI2NDY1MDU3OA==&mid=2247486046&idx=1&sn=3781818115f75ca8cebaebbb3a34f77e&chksm=eb0e5cf6669293a08c4a31a11ded1fdd573615a7a1edccb9d832506e2ef2e445479fb92d329a&scene=126&sessionid=0#rd
2024-02-18 21:29:00,领导最烦的3种员工，工作再努力，也不会提拔,2,14092,11,6,http://mp.weixin.qq.com/s?__biz=MzI2NDY1MDU3OA==&mid=2247485956&idx=2&sn=b8e4574ab2f45ce486e448eb5e528050&chksm=eb4ae362486dc274a794a60d3d93acca9a33c73aa569a7772361bf266b14055adcec598078fa&scene=126&sessionid=0#rd
2024-01-24 19:00:00,永远不要在职场上，跟随这5种领导,1,14002,29,23,http://mp.weixin.qq.com/s?__biz=MzI2NDY1MDU3OA==&mid=2247485639&idx=1&sn=b618854ce43967220853e5b0e04cff5c&chksm=ebe0e0ebf3cf0ed0792e3e65e585fce177e4a72223d7e45c8f464678a4150fd7f2962c54a74b&scene=126&sessionid=0#rd
2024-01-10 19:01:33,在单位，领导说“不想干就辞职，有的是人等着干”，笨蛋会说“好的”，聪明人会这样说...,1,13708,21,6,http://mp.weixin.qq.com/s?__biz=MzI2NDY1MDU3OA==&mid=2247485422&idx=1&sn=f51e9d28bdbde1f2fa20ecf5c13711d7&chksm=eb93c2e09bf3d35e90ea14ffa25e7b318a0a36b296df0da9cd89aef4feb20b526a41bf4c00a5&scene=126&sessionid=0#rd
2024-06-13 21:46:00,单位里，见不得别人好的同事，有4大特点：1、贬低他人成就；2、背后说人坏话；3、喜欢甩黑锅，抢功劳；4、喜欢向领导打小报告…,1,13690,62,25,http://mp.weixin.qq.com/s?__biz=MzI2NDY1MDU3OA==&mid=2247487878&idx=1&sn=a6ededb7d71e2faf1044249e868aa21c&chksm=eb3b2f2df04784ab14c088745cf8814869840939b4e02bb5c38893578914b0b51d1197010d3c&scene=126&sessionid=0#rd
2024-02-08 07:57:25,让领导舒服死的拜年专用短信话术,1,13681,15,6,http://mp.weixin.qq.com/s?__biz=MzI2NDY1MDU3OA==&mid=2247485818&idx=1&sn=63c7738a5915716ff01f1920bbaa3498&chksm=eaa82347dddfaa51cf02d9d2c8b89e833dbf45fbe6497efcb4522f164df43cf093f65dfff9fa&scene=126&sessionid=0#rd
2024-05-21 21:27:00,在单位，读书时，拼的是智商；工作时，拼的是情商；而到了人生后半程才发现，比智商、情商更重要的是能量,1,13593,85,28,http://mp.weixin.qq.com/s?__biz=MzI2NDY1MDU3OA==&mid=2247487414&idx=1&sn=07d93f16b14a95cabb4c112e9f1e0ab7&chksm=eb0ac111697c666bc7b30419a71a68205a2b3f8e366f9848a301b70b30d599e0d121a10957aa&scene=126&sessionid=0#rd
2024-06-04 21:00:00,单位里，只要做到这4点，领导就会觉得你做事“又多又好”：1、小事快回应；2、要事勤汇报；3、难事敢担当；4、事事有准备,1,13585,60,23,http://mp.weixin.qq.com/s?__biz=MzI2NDY1MDU3OA==&mid=2247487780&idx=1&sn=8feace16e64c38c1f05dc4108900ac2a&chksm=eb6a07afa3fbcc7bbbe8edc845ab60e23e118215351ed053ae19c5b2b4dcd32a0838f6094d46&scene=126&sessionid=0#rd
2024-03-11 21:22:00,单位里最大的恶：就是在埋头苦干、任劳任怨的老实人身上挑毛病；在关系户和马屁精身上，拼命找优点,1,13496,74,39,http://mp.weixin.qq.com/s?__biz=MzI2NDY1MDU3OA==&mid=2247486268&idx=1&sn=d82fddd882292de2357644d1692ac63a&chksm=ebd47869af9c0ddc0deeb676bdb093b37fc8e2fc2b5d00f60710bc30081b9a9cf9dc1ab7ebb8&scene=126&sessionid=0#rd
2024-03-04 21:54:00,单位里，这4件事千万不能低调，一旦你低调，就会被瞧不起！,1,13474,57,23,http://mp.weixin.qq.com/s?__biz=MzI2NDY1MDU3OA==&mid=2247486123&idx=1&sn=9ede277128ee4cad3f46fb24b7d5ae97&chksm=ebe0dce5e1c428d1862d604199ba8cf8deca682824d466f3ebfd2612dcf351f0dfa1e07d0935&scene=126&sessionid=0#rd
2024-06-17 21:40:00,单位里，想要快速提拔，一定要在这4个岗位：1、领导秘书岗；2、核心业务岗；3、财务岗；4、人事岗,1,13334,63,17,http://mp.weixin.qq.com/s?__biz=MzI2NDY1MDU3OA==&mid=2247487916&idx=1&sn=f7389b6fa4531e6406d58d08b159291a&chksm=ebcb4a642e14e27ee7bff82c8bbe3950a1898c2a9a30b3289eca1e61098ebdb9f2619361e821&scene=126&sessionid=0#rd
2024-01-05 19:23:00,越是能力低的领导，越喜欢干这8件蠢事！网友：太真实了,1,13312,34,17,http://mp.weixin.qq.com/s?__biz=MzI2NDY1MDU3OA==&mid=2247485350&idx=1&sn=e30ac5b0fda109602180d009b40ed1c3&chksm=eb39ffe8bef6b9875f75ee94a780096b331f695017b77b193e53eca0981ab1986167c7b5282b&scene=126&sessionid=0#rd
2024-05-25 19:53:00,单位里，保护自己的4个小心机，一定要知道：1、做事要留痕；2、干活别太快；3、警惕对你热情的人；4、做好上级请示和汇报...,1,13195,95,23,http://mp.weixin.qq.com/s?__biz=MzI2NDY1MDU3OA==&mid=2247487458&idx=1&sn=c7a6db9b65ee69b4b19040ecd500eddf&chksm=eb28378eaa4c3a2c4ca1079b848aae12eb9b53c04ee2b88ac47f1bc2f98719b5f490f832c5f5&scene=126&sessionid=0#rd
2024-02-08 20:38:00,领导如何看待不争不抢的员工？很现实！,1,12623,32,11,http://mp.weixin.qq.com/s?__biz=MzI2NDY1MDU3OA==&mid=2247485829&idx=1&sn=b47f022c18cc1624459cc6848fd5d4bc&chksm=eb825a56c350781e6d598a15b4dceb10a1493438ff82fafd70451e601e47fd7cab9535f9a4dc&scene=126&sessionid=0#rd
2024-01-31 19:58:54,要离职了，有4件事，千万不要跟领导说！,1,11841,29,11,http://mp.weixin.qq.com/s?__biz=MzI2NDY1MDU3OA==&mid=2247485738&idx=1&sn=f2eddc45441f3cbd5da4c872119762c5&chksm=ebb155737b2dc2e048a40169d759cf444cc804c12d942f9c4a745ea9eaa91bef36ce276769d0&scene=126&sessionid=0#rd
2024-06-02 20:15:00,HR最认可的4个离职原因：1、裁员；2、个人发展受限；3、工资待遇不合理；4、工作安排不合理,1,11372,32,11,http://mp.weixin.qq.com/s?__biz=MzI2NDY1MDU3OA==&mid=2247487756&idx=1&sn=d091d7e25b59ab2fc194367752e6a877&chksm=eb4ee37eaf6330dfd52cd84ce445f72141f2bfa4e5eb42c46549c8df63a130fe2c2f17eae4e9&scene=126&sessionid=0#rd
2024-06-18 21:06:00,在单位上班，内耗自己不如外耗领导,1,11042,58,21,http://mp.weixin.qq.com/s?__biz=MzI2NDY1MDU3OA==&mid=2247487927&idx=1&sn=f025d1b555b9b58ceb2c353090844ade&chksm=ebdde6520011b8d54480d72c79001f3b555eb1e92de5e6c94888caa4f94256d0bebb50bc6dbc&scene=126&sessionid=0#rd
2024-01-06 19:21:00,为何领导们经常晚上喝酒，第二天还能准时上班？,1,10934,18,8,http://mp.weixin.qq.com/s?__biz=MzI2NDY1MDU3OA==&mid=2247485364&idx=1&sn=693d6608155d395e81bc19178e3b3f8a&chksm=ebdebfe3f7b45d4ae59ea8bd7618fe13b0f1aec1cadd1237d21eac8305fa0d416a3a896d8053&scene=126&sessionid=0#rd
2024-03-08 20:39:00,有以下9个迹象，说明领导想提拔你，别再傻傻错过机会了！,1,10555,35,12,http://mp.weixin.qq.com/s?__biz=MzI2NDY1MDU3OA==&mid=2247486224&idx=1&sn=cedf41477c467767243ab8ce8d1a6aa5&chksm=eb8b8798dfbeb33d3c71955155588ea5aa8781bf9aabeb338abcc37ea2a1e8befb6e92a51426&scene=126&sessionid=0#rd
2024-02-15 19:19:00,领导者没有格局的20个表现,1,9238,37,20,http://mp.weixin.qq.com/s?__biz=MzI2NDY1MDU3OA==&mid=2247485919&idx=1&sn=380399ec4b7cdc0902bd43f365df32a1&chksm=eb3c56d865f6a92b6641d81b3301e630965bd52c2622c26a214d37f66d3b10bb4b2687f42bab&scene=126&sessionid=0#rd
2024-04-12 20:30:00,​单位上，领导说“能者多劳”，员工回了四个字，领导沉默了！,2,9159,34,12,http://mp.weixin.qq.com/s?__biz=MzI2NDY1MDU3OA==&mid=2247486803&idx=2&sn=4679f69da50328ff3b8fce6de29db466&chksm=ebb605ebe234755753ed3273b074ab2eac38d63a21899445bfb4faef28ce8ae6f377575b5f4a&scene=126&sessionid=0#rd
2024-03-18 21:02:00,单位里，没钱没靠山，请停止做这 6 件小事：1、下班秒回工作信息；2、上班刷朋友圈；3、把工作当单机游戏；4、把领导当傻子；,1,8988,58,13,http://mp.weixin.qq.com/s?__biz=MzI2NDY1MDU3OA==&mid=2247486446&idx=1&sn=ea53398a28c6a6cbe8fc6561cd90e95e&chksm=eb8d23b1e4b9cbfc8429f147f1ee8b0309e57d270563c41798b25262bb037bc19d4bf36b5268&scene=126&sessionid=0#rd
2024-02-16 19:47:00,在单位里，逢年过节你可以不给领导送礼，但一定要感恩那些赏识你、提拔你、给你机会的人，要让人家觉得你值得栽培,1,8450,27,9,http://mp.weixin.qq.com/s?__biz=MzI2NDY1MDU3OA==&mid=2247485930&idx=1&sn=7c29d6cb84c03ebdec5bd3f4613d9df3&chksm=ebb57c54169479a609f50fb883bbca739cf23f0d4b81cc4918391843c43ee9bbca7a2ea067e5&scene=126&sessionid=0#rd
2024-01-01 19:00:00,2024年要活下去，请记住这17条忠告,1,8247,62,28,http://mp.weixin.qq.com/s?__biz=MzI2NDY1MDU3OA==&mid=2247485295&idx=1&sn=ad7fe58a279802627f4638fe330b5297&chksm=eba382ce5a7f1756c9a530c30276113ba8f998b941973a43b065d38889995dea87bb082e70f8&scene=126&sessionid=0#rd
2024-02-19 21:13:00,新年开工，必须扔掉4样东西：1、对领导的畏惧；2、对同事的交心；3、对自己的不自信；4、对准时下班和请假的羞耻,1,7444,55,15,http://mp.weixin.qq.com/s?__biz=MzI2NDY1MDU3OA==&mid=2247485966&idx=1&sn=9cf6b214a674354d8b023db6db570558&chksm=eb7bd8d4053e7308bcd684f65c3cbe9ddacd913c011588d76711ee62cefd47e4f9a69b1fdc6e&scene=126&sessionid=0#rd
2024-02-22 22:06:00,在领导面前，永远要戒掉这3个字,2,7198,23,8,http://mp.weixin.qq.com/s?__biz=MzI2NDY1MDU3OA==&mid=2247486004&idx=2&sn=7fa958ace66dffa5f45218c6fe6105c5&chksm=eb2d237c9e360488f5d1fec0089ed3a355439dfbabac1c2af43ff1e880ae725dc8ff38a939f5&scene=126&sessionid=0#rd
2024-03-07 20:58:00,单位里，坏到骨子里不能深交的同事，身上都有这 6 个特点,2,7182,16,5,http://mp.weixin.qq.com/s?__biz=MzI2NDY1MDU3OA==&mid=2247486217&idx=2&sn=3ba7530e09ff08a33fd05a608fa173e5&chksm=eb09563a5b14f8cd612bd331b8e780366dbf270410fc118b275792ad1c754953eb4705d46e3a&scene=126&sessionid=0#rd
2024-02-11 19:00:00,身边人不把你当回事，主要是因为你有这4个特征,2,7096,24,5,http://mp.weixin.qq.com/s?__biz=MzI2NDY1MDU3OA==&mid=2247485880&idx=2&sn=321654fb994758164dab2a3c539d86d8&chksm=ebc490f5ef44c48eb5644eea4c975f2730e9dd55d18e79e83e3fc6fcc521d6def545a00783b9&scene=126&sessionid=0#rd
2024-04-02 21:02:06,领导提拔你的原因，只有这点最真实，可别犯傻不当回事！,1,6901,15,5,http://mp.weixin.qq.com/s?__biz=MzI2NDY1MDU3OA==&mid=2247486633&idx=1&sn=dbc52d6f388da0748b11179544e48242&chksm=ebd05d0f6f6e88c0e1581f7965c6f3af40fe3a4fd9b5bd61b041a29d1c81364091f9efbf8375&scene=0&xtrack=1#rd
2024-03-17 19:21:00,单位里，有4样东西，永远不要交给领导，否则他一定会把你用废！,1,6855,43,14,http://mp.weixin.qq.com/s?__biz=MzI2NDY1MDU3OA==&mid=2247486419&idx=1&sn=9d8298c93d8176e1970be5eec05c2887&chksm=eb5e61b57c877c1f13ea530186f6fd1ecc47cc1b39da77af706841add35e79d4ef7b218321d5&scene=126&sessionid=0#rd
2023-12-30 21:17:00,拿捏领导最好的8种方式,2,6607,16,9,http://mp.weixin.qq.com/s?__biz=MzI2NDY1MDU3OA==&mid=2247485251&idx=2&sn=35074d1e9f5b37bfc3efd780fbe52c78&chksm=eb8099edbbba9016a58f6ea883bf0bc333d0cc270fae2ebca5b55c994ebe5ceecf6d674cd566&scene=126&sessionid=0#rd
2024-03-25 20:36:00,领导逼走你的10大套路,1,6419,37,12,http://mp.weixin.qq.com/s?__biz=MzI2NDY1MDU3OA==&mid=2247486526&idx=1&sn=e6cb08f511cac4e981c3be67770da700&chksm=eb3c3aaa43e0303fcddc6c720ba9bcf705bc8e8720ad7aa3c9ccb195bebbe11b022eeaa8da28&scene=126&sessionid=0#rd
2024-04-05 19:00:00,单位里，领导决定放弃你，不会给你穿小鞋，也不会让你天天加班，更不会找你谈话，而是偷偷做这4件事,1,6258,27,14,http://mp.weixin.qq.com/s?__biz=MzI2NDY1MDU3OA==&mid=2247486676&idx=1&sn=68e0555328547e9bc2fd1c48d3e27413&chksm=eb07972309e30e58fbb55ff8fa4a21e38e5dd8b538eb858ae22ed475aefd349058e9dd73b883&scene=126&sessionid=0#rd
2023-12-31 19:00:00,让领导不敢干掉你的10个方法,2,5821,16,7,http://mp.weixin.qq.com/s?__biz=MzI2NDY1MDU3OA==&mid=2247485266&idx=2&sn=4c8a852a12deadc35dff38d53c3e47e2&chksm=ebef521461d5b4f7af245236001f30f747fc0cd01beb819c770b270e2c03ce038819c4ae64ce&scene=126&sessionid=0#rd
2024-03-29 19:00:00,单位里，优秀员工开始摆烂的4个原因：1、干得好坏，结果一样；2、干得越多，背锅越多；3、干得再好，不如马屁精；4、干再拼，没希望,1,5476,42,24,http://mp.weixin.qq.com/s?__biz=MzI2NDY1MDU3OA==&mid=2247486571&idx=1&sn=b8cc91779c0f4208cad40e7072020719&chksm=eb35a038a7702dcdc57966914ef88b4b3fa5487d6d148b4389d35ca24b7458f57cbd3401b0ec&scene=126&sessionid=0#rd
2024-01-04 19:00:00,参加饭局，千万别有这8种行为，真的很丢人!,1,5381,14,8,http://mp.weixin.qq.com/s?__biz=MzI2NDY1MDU3OA==&mid=2247485336&idx=1&sn=845ec095b48d8f66b967874d1be781c3&chksm=eb322c7d2ede6aae2d8c91c2c4dce5dfe308f65795ba620ff8a7611b0946d157eff072ed7df6&scene=126&sessionid=0#rd
2024-06-25 21:29:35,在单位，过的最舒服的不是领导，不是关系户，而是这种人,1,5318,39,10,http://mp.weixin.qq.com/s?__biz=MzI2NDY1MDU3OA==&mid=2247488029&idx=1&sn=9c75b29351e2980ebb357eb690a70ff0&chksm=eb4d9d7866da8a84c9adc1550e3f6191144699d5ad103e256af9cc57fde95f8612c4088b4d29&scene=0&xtrack=1#rd
2024-04-23 20:36:00,永远不要在职场上，跟随这4种领导,2,5294,24,10,http://mp.weixin.qq.com/s?__biz=MzI2NDY1MDU3OA==&mid=2247486948&idx=2&sn=2a2cb08a1493a8df69bbc95a1cac6216&chksm=eb40415da98ff9b36fb74cd62ba60841ecf283ad006d52c1119a245fd2a95433248665d96273&scene=126&sessionid=0#rd
2024-06-24 19:21:50,裁员了，很严重，今年千万别离职,1,4994,41,17,http://mp.weixin.qq.com/s?__biz=MzI2NDY1MDU3OA==&mid=2247488015&idx=1&sn=a88d292415cbdfb25cab2013b5da885f&chksm=ebfbdaf7fb737c116906d40cb13d8b6024179b607b8532726c33d59dd3a4b90d6e64a0f67046&scene=0&xtrack=1#rd
2024-04-17 21:59:09,单位里，这4种性格不改，早晚要出事：1、轻易付出真心；2、直肠子，说话不过脑子；3、过于敏感，易情绪化；4、爱背后议论他人,1,4917,17,9,http://mp.weixin.qq.com/s?__biz=MzI2NDY1MDU3OA==&mid=2247486876&idx=1&sn=ab5af4bd1cee6fc60aa2363221b2ce6e&chksm=eb9529851d4e906ce331d6dd43d6f56bf084f7c4d40d8bc6dc5d48ec0fad314d48aba1536f45&scene=126&sessionid=0#rd
2024-02-23 21:28:00,拿捏领导最好的8种方式,2,4889,12,7,http://mp.weixin.qq.com/s?__biz=MzI2NDY1MDU3OA==&mid=2247486012&idx=2&sn=58f604aaa14cb869f14f1b898fd3fa8c&chksm=eb98232780a20a1c3fc006fe1375c6682a46342c52bad6154a806850bb2713ec7cd0113bcde7&scene=126&sessionid=0#rd
2024-01-17 19:08:00,22个识人术，挺准,2,4703,10,7,http://mp.weixin.qq.com/s?__biz=MzI2NDY1MDU3OA==&mid=2247485522&idx=2&sn=fea2c684ace086d369a80e0d55392f78&chksm=ebee8f25794416280cda9e043c750dbb9255fdcc529bad4eb95900226d795e7df03b8763e130&scene=126&sessionid=0#rd
2024-04-19 21:14:00,在领导面前，多说这5类话，不提拔你都不科学！,2,4665,38,10,http://mp.weixin.qq.com/s?__biz=MzI2NDY1MDU3OA==&mid=2247486902&idx=2&sn=dd7e07d5cfe37a9dd6a95df927d4045c&chksm=eb14f537c27f334437d5326b251f874679f9116bdca11e7b5f941ebe4e29db9b5d0d2ed75c27&scene=126&sessionid=0#rd
2024-04-21 19:47:00,让领导知道你干了很多事的6个秘诀！,2,4625,33,11,http://mp.weixin.qq.com/s?__biz=MzI2NDY1MDU3OA==&mid=2247486924&idx=2&sn=191e5a4966b7dbd8bd4fe4caecf6e999&chksm=eb949fdd93169e32132316c7aa3fdce91573ec34bc91252938674471f9bc37b7f07ff09cb28f&scene=126&sessionid=0#rd
2024-01-16 19:02:00,当有人说这8句话时，你要小心了，这些话可能在给你下套！,1,4393,22,8,http://mp.weixin.qq.com/s?__biz=MzI2NDY1MDU3OA==&mid=2247485508&idx=1&sn=d2188b10c40ac5133293400ed503660b&chksm=ebc933f9aa3c83a59416d72a960b231d930f45417135a8d705dfbdf2486c2d8e448316e264df&scene=126&sessionid=0#rd
2024-02-20 21:12:37,想要和领导搞好关系，除了送礼、拍马屁，聪明人这7大手段，你都想不到！,2,4358,23,10,http://mp.weixin.qq.com/s?__biz=MzI2NDY1MDU3OA==&mid=2247485978&idx=2&sn=183a7b8203ef8018439f2fd3e65390d2&chksm=ebe0fa870033d0d831e670a1fef9c8739212470c3273f39e9beeed6e5a4f51d601c3c3495a78&scene=126&sessionid=0#rd
2024-03-10 19:52:00,领导最爱提拔的 4 种人，不会也要装一装，其中有你吗？,2,4024,15,4,http://mp.weixin.qq.com/s?__biz=MzI2NDY1MDU3OA==&mid=2247486242&idx=2&sn=82f822fcbe1955bc0417c234869f479e&chksm=eb59ad10b52167bdd3759272735932013d0f636a13712008495ddbeebe8d782a90ccb4ccbb37&scene=126&sessionid=0#rd
2024-02-19 21:13:00,单位里，永远不要说出这2个字！,2,3941,13,4,http://mp.weixin.qq.com/s?__biz=MzI2NDY1MDU3OA==&mid=2247485966&idx=2&sn=ce30cf1e5b34ac0e63d155b232a1c71a&chksm=ebfe89a0707247dc2222badf4323c473b3a1ffe974211a74f9f0f2f72297f083826b44cfa26b&scene=126&sessionid=0#rd
2024-03-09 20:39:00,​单位上，领导说“能者多劳”，员工回了四个字，领导沉默了！,2,3873,30,12,http://mp.weixin.qq.com/s?__biz=MzI2NDY1MDU3OA==&mid=2247486232&idx=2&sn=d7400c382312cd256b68369770542d97&chksm=ebe80b6d10890ffb7a436f519f1b7387c0caa62b4d61840470d7c2b33ace7d8fad70c1600054&scene=126&sessionid=0#rd
2024-01-03 19:00:00,人在职场，保护自己的7个必备妙招！,1,3833,26,8,http://mp.weixin.qq.com/s?__biz=MzI2NDY1MDU3OA==&mid=2247485322&idx=1&sn=accdce6566763922296b40f52a17bcb8&chksm=eb4accb091d189699ddf0e80718569f14044345eb8616cf5c114a723ce3142ab31f9c7115b68&scene=126&sessionid=0#rd
2024-02-04 19:38:00,退休领导私下告诉我：在单位里，这7种情况一定要会装，装着装着就成事了！,2,3831,16,6,http://mp.weixin.qq.com/s?__biz=MzI2NDY1MDU3OA==&mid=2247485782&idx=2&sn=1b8d30715c53e63a26e2c3c8379c3cd0&chksm=eb8cf69b40473e2e942b179d405dcf2164b05f3a928ae2ae79f67a39f885210bce3785edfc5f&scene=126&sessionid=0#rd
2024-02-12 19:07:00,领导准备提拔下属的9个迹象,2,3798,12,2,http://mp.weixin.qq.com/s?__biz=MzI2NDY1MDU3OA==&mid=2247485888&idx=2&sn=4b03d2cecb63f46bd0cfd10603491e3c&chksm=eb92da6ce3c3eee3fcd99b4621a828c92aa4ae19f87927c75abb308a58889f8c067d27b4663d&scene=126&sessionid=0#rd
2024-01-22 19:00:00,单位换了主要领导，一定把握好4个时间段，不然会被边缘化，后果不堪设想,1,3711,22,8,http://mp.weixin.qq.com/s?__biz=MzI2NDY1MDU3OA==&mid=2247485610&idx=1&sn=da9adc58f02ce630b9cf5587e87e6de1&chksm=eb1700ded3ea0700ca237785ae4832151fdabd811910addfa76f02f60c74644f96e6ccdcfe90&scene=126&sessionid=0#rd
2024-06-16 19:20:00,单位里，你越是这样，别人越不敢惹你，聪明人的八大手段，一定要上点心,2,3692,37,11,http://mp.weixin.qq.com/s?__biz=MzI2NDY1MDU3OA==&mid=2247487905&idx=2&sn=d306dbd69209bf4860dda8bb0864f0fa&chksm=ebc92c27089758ea1d881f92184ee9d292f7eafd10c4937bd71d57ffc7b807235a05d3e97f32&scene=126&sessionid=0#rd
2024-03-05 19:56:00,领导最厉害的整人手段，绝不是打压，而是这4招！,2,3686,27,13,http://mp.weixin.qq.com/s?__biz=MzI2NDY1MDU3OA==&mid=2247486191&idx=2&sn=b29446aa130affb5575293aee741bf78&chksm=eb2e7d4a455da2512e52dcfaf7938554d317f059860012bd8458f59d472f8033585b3de6881f&scene=126&sessionid=0#rd
2024-01-12 19:00:00,2024年，你要逼自己练就这5个能力,1,3659,34,12,http://mp.weixin.qq.com/s?__biz=MzI2NDY1MDU3OA==&mid=2247485451&idx=1&sn=bdf4681ac02928e0f5c5a39eccd3cc85&chksm=eb929bba2f8b09e593cd458e9e34b33bc8d02011ab7c4abac608378d1a63beefc76d77ad09d8&scene=126&sessionid=0#rd
2024-03-06 19:44:00,如何让领导离不开你，记住这5个字！,2,3642,13,4,http://mp.weixin.qq.com/s?__biz=MzI2NDY1MDU3OA==&mid=2247486205&idx=2&sn=dddbdfd15456c05f44b5827df1cdf282&chksm=eb688c2f4b7dffec1f27ceaf4211eaa53bb3051a78acd192a6849afde7cdad13253b1e8357a4&scene=126&sessionid=0#rd
2024-02-10 19:00:00,永远别在领导面前，做这4件事,2,3629,17,8,http://mp.weixin.qq.com/s?__biz=MzI2NDY1MDU3OA==&mid=2247485869&idx=2&sn=045236646a4e9df619d20ff51e0c24e3&chksm=eb4a0ad641b15c171b89f89c07ebc0b26f63e6cd634bea42af8a95596baed158d5813331feec&scene=126&sessionid=0#rd
2024-03-02 20:32:02,一个人城府深的13条体现,2,3604,19,13,http://mp.weixin.qq.com/s?__biz=MzI2NDY1MDU3OA==&mid=2247486104&idx=2&sn=e421951b3ca8d20e7d0f26b55d7f238f&chksm=eb26cf64a95c5f2c53ea2f81537a505aa18bbd9d513e202ec41b205692aac758cb9dbb473076&scene=0&xtrack=1#rd
2024-01-28 19:43:00,只有当上领导，才知道的7个真相,2,3590,22,10,http://mp.weixin.qq.com/s?__biz=MzI2NDY1MDU3OA==&mid=2247485695&idx=2&sn=cf0e7261b449884f7c047398f7b9ed51&chksm=eb3095fa06f0d2e7da239b8f546e5f43fe70ed4d26261df910ed531f40bb351a351be0ad916f&scene=126&sessionid=0#rd
2024-01-25 19:43:00,这7种人，领导非常反感,2,3543,13,5,http://mp.weixin.qq.com/s?__biz=MzI2NDY1MDU3OA==&mid=2247485656&idx=2&sn=ace2393cec543e712cc00a8e01ae9cf3&chksm=eb120377cb31fdb8f0e155f759b83d3810eab3141c5c94d070930523a9cafb6f0f26c2e9a4a4&scene=126&sessionid=0#rd
2024-02-17 20:37:59,一个人城府深的13条体现,2,3542,15,7,http://mp.weixin.qq.com/s?__biz=MzI2NDY1MDU3OA==&mid=2247485944&idx=2&sn=4bab478289ac8853e83678d6ed29c552&chksm=eb6f2ac09de274a929c1ce65bb3ae47e59a2b1c8c6aa2d78083f43e54b9d980a241b8a29d538&scene=126&sessionid=0#rd
2024-01-04 19:00:00,在领导面前，永远要戒掉这3个字,2,3511,12,4,http://mp.weixin.qq.com/s?__biz=MzI2NDY1MDU3OA==&mid=2247485336&idx=2&sn=141803c04eadc8641e772e3ab77d00fd&chksm=ebdd1fdfa8158688a25117065eb23b6deacf54eb5f77f8fd1aac03457e40ec8926f2e23be890&scene=126&sessionid=0#rd
2024-05-07 21:33:40,领导跟你说这5句话，不是关心你，是在敲打你,2,3498,21,6,http://mp.weixin.qq.com/s?__biz=MzI2NDY1MDU3OA==&mid=2247487172&idx=2&sn=d3cc5cd40022203cd683a28884ee6541&chksm=eb1edbaf6b052a0f6717c01887120ed806cdb34a702214eb55672f504353849049a09dace41e&scene=126&sessionid=0#rd
2024-06-21 21:12:00,和领导搞好关系，要牢记这8个字,2,3377,36,20,http://mp.weixin.qq.com/s?__biz=MzI2NDY1MDU3OA==&mid=2247487964&idx=2&sn=e46639d3600edb6ca9928cc9b5d967e6&chksm=eb524fb990ba3ed7ea27722865b8bac57704dc919dc10d28574a26272bcb90b656dde228d513&scene=126&sessionid=0#rd
2024-02-14 19:00:00,领导这样批评你，是在给你留面子，听不出来就太傻了,2,3349,9,5,http://mp.weixin.qq.com/s?__biz=MzI2NDY1MDU3OA==&mid=2247485912&idx=2&sn=a4f11ef7ade5683141d9c146ec250737&chksm=eb8fc3e1a6064deea697e112d0be84a09a48ce19ba8363f7ecd9a27581eccf452a5fd24f6d9c&scene=126&sessionid=0#rd
2024-01-02 19:26:00,单位上，年过35岁，千万不要轻易拿出这5个筹码，真的很蠢,1,3347,18,5,http://mp.weixin.qq.com/s?__biz=MzI2NDY1MDU3OA==&mid=2247485306&idx=1&sn=39af5ddfb752e45b7384c675269124f1&chksm=eb3866faaa4adaa926a8c10c90ef444cb9d4a9a73a9d12e0fc541483498cbf077de937edcc07&scene=126&sessionid=0#rd
2024-02-27 19:00:00,给领导发微信要注意的10个小细节,2,3346,14,7,http://mp.weixin.qq.com/s?__biz=MzI2NDY1MDU3OA==&mid=2247486058&idx=2&sn=90105134baf10e8581773ad86b5c9457&chksm=ebcaa3ad9fd321d0fa9cb23615751f5e400443aa9d8f927605065be7e38230bce954d8dbb329&scene=126&sessionid=0#rd
2024-02-29 19:00:24,领导最爱提拔的 4 种人，不会也要装一装，其中有你吗？,2,3327,13,5,http://mp.weixin.qq.com/s?__biz=MzI2NDY1MDU3OA==&mid=2247486073&idx=2&sn=3373b521f8a77415da083eda995e3958&chksm=eb4e3b924d3e93d547619b0a1cdfea77c133e1570ce6890c6208a5cb04e5278b9652be72caae&scene=0&xtrack=1#rd
2024-06-24 19:21:50,单位里，没钱没靠山，请记住这5条忠告：1、不要轻易相信领导画的饼，除非给你升职加薪；2、领导不安排的工作，一概不做...,2,3318,28,12,http://mp.weixin.qq.com/s?__biz=MzI2NDY1MDU3OA==&mid=2247488015&idx=2&sn=3482ae71415629f0ee8aeb5b50ceab60&chksm=eb2cfd0b3efaa315e9e38ebc81b5455bba500f803c043b753c215165bf718f583cf857cb1207&scene=0&xtrack=1#rd
2024-02-07 20:09:00,和同事关系再好，也不要做这10件事,2,3285,11,6,http://mp.weixin.qq.com/s?__biz=MzI2NDY1MDU3OA==&mid=2247485816&idx=2&sn=59077a1a6362ca7ad1b0fea49b193d2b&chksm=eb8cbae563a35cfd509f0494009adbae1f56aa75e5d0d428fc1343d893f1cb5bc6ba773a440f&scene=126&sessionid=0#rd
2024-02-21 21:50:00,单位里，被同事抱团排挤，不要离职更不要示弱，这4招轻松应对！,2,3271,10,4,http://mp.weixin.qq.com/s?__biz=MzI2NDY1MDU3OA==&mid=2247485993&idx=2&sn=ef56d9c4cd7d18f87ea0bfdcf463f051&chksm=eb260188562eef5f4998ad400ca36d68a3455faa5e341201b5dcc3a7a311756b8b8640a0b533&scene=126&sessionid=0#rd
2024-02-16 19:47:00,这3种工作，不要轻易辞掉，否则会后悔一辈子！,2,3256,14,7,http://mp.weixin.qq.com/s?__biz=MzI2NDY1MDU3OA==&mid=2247485930&idx=2&sn=eb2be0752ea5a04f4d5e5b6558f7ee2f&chksm=eb48f0a6fe1a2a504cee57830d43d8a1140ac9da2147797cbbcac62c0ba07bfab40348248b26&scene=126&sessionid=0#rd
2024-01-30 19:00:00,为人处世的30条细节,2,3240,21,11,http://mp.weixin.qq.com/s?__biz=MzI2NDY1MDU3OA==&mid=2247485726&idx=2&sn=0fd91603ce85dd9c444a3205715fa155&chksm=eb11a534c58d9faf361867ef87c6728e8d3fdcce982958f3df76dbfe9a16e5000f8b5e0128d5&scene=126&sessionid=0#rd
2024-04-01 21:36:00,真正对你好的领导，就这4个字！,2,3231,25,13,http://mp.weixin.qq.com/s?__biz=MzI2NDY1MDU3OA==&mid=2247486629&idx=2&sn=4869de4e05fe45769f24d793a3a70157&chksm=ebaa890dbd070c3b8ada8feaa71cce82a85a0b57a54df0cf69a6f7ffc7056f7bed547eef6d1f&scene=126&sessionid=0#rd
2024-02-13 19:16:00,单位上，年龄一旦过了35岁，千万不要轻易拿出这5个筹码，真的很蠢！,2,3191,11,6,http://mp.weixin.qq.com/s?__biz=MzI2NDY1MDU3OA==&mid=2247485902&idx=2&sn=790514ed28993a9fde67cd75184ca460&chksm=eb3d688a6b48f2dcecc637ad0c499b1f149c453f7a41b55da763517fb1eb3531486b4e932b9a&scene=126&sessionid=0#rd
2024-04-18 21:51:00,领导最烦的3种员工，工作再努力，也不会提拔,2,3172,20,6,http://mp.weixin.qq.com/s?__biz=MzI2NDY1MDU3OA==&mid=2247486888&idx=2&sn=3e61a259f3f8544cc9e070de8eb6b69b&chksm=ebdacc3277a9a9cc7d7cd0a2698d67562d4df22952aeb9b06fcc8f09f426f06ac2a05d3a8d8f&scene=126&sessionid=0#rd
2024-02-26 22:19:00,拒绝同事的万能话术，不做软柿子,2,3148,16,5,http://mp.weixin.qq.com/s?__biz=MzI2NDY1MDU3OA==&mid=2247486046&idx=2&sn=bdf3f383a3700f18cc3e68883d94df2a&chksm=ebeecb7005a73d6681520efe2c854588654a73c3406d28d02637fdcaa5c143b916f1db4587bf&scene=126&sessionid=0#rd
2024-01-17 19:08:00,单位里，永远不要和跟你翻过脸的人成朋友：一朝翻脸，一生陌路人！,1,3147,21,7,http://mp.weixin.qq.com/s?__biz=MzI2NDY1MDU3OA==&mid=2247485522&idx=1&sn=1b9f15254e9be7ca1685c651773f38e4&chksm=eba44bdb1ebaf1376810996356952db02a510528bea2fa4d71df78b262aadecdf739b56db967&scene=126&sessionid=0#rd
2024-04-03 21:00:00,领导的这5句话，谁当真就是真傻,2,3125,13,13,http://mp.weixin.qq.com/s?__biz=MzI2NDY1MDU3OA==&mid=2247486644&idx=2&sn=faacc2891c7e4594ba60587b5a3c8eec&chksm=ebb9f9ee7b172f2b80365a713f304fd911305856c75a794a65eca6ef47579cd5b76d0ae4c1a7&scene=126&sessionid=0#rd
2024-04-10 21:55:00,单位里，坏到骨子里不能深交的同事，身上都有这 6 个特点,2,3123,18,7,http://mp.weixin.qq.com/s?__biz=MzI2NDY1MDU3OA==&mid=2247486755&idx=2&sn=f145246bf76c266b9f34c2cd79a1fe8e&chksm=eb318a353a893e61ddd3a2658bffef31f1b8fb0a8d2f177779730644e6e385bf1b5eb8eec7bb&scene=126&sessionid=0#rd
2024-02-06 20:14:00,越是能力低的领导，越喜欢干这7件蠢事！,2,3119,12,8,http://mp.weixin.qq.com/s?__biz=MzI2NDY1MDU3OA==&mid=2247485804&idx=2&sn=1d0a52271c58733b54e5447da00ea0fb&chksm=eb1cf6d1d6950e018f45af2e9b48d86075cd0616c050348f65e81be11805622db89af1519533&scene=126&sessionid=0#rd
2024-06-18 21:06:00,领导向你打听这5件事，即使你知道也决不能说,2,3113,27,10,http://mp.weixin.qq.com/s?__biz=MzI2NDY1MDU3OA==&mid=2247487927&idx=2&sn=78992dc669730e06ca4e9da01a2f2c8c&chksm=eb84046eaa36dc1749d11e7ec175028a37b18011ea43181776e3091e822533c80f00b48c2c78&scene=126&sessionid=0#rd
2024-01-19 19:00:00,一个同事是好是坏，看这5点就够了,2,3077,14,5,http://mp.weixin.qq.com/s?__biz=MzI2NDY1MDU3OA==&mid=2247485562&idx=2&sn=5140a4da82b8e3bbebe73da39732c056&chksm=eb5250184a33812ae1d4fd39cc76733e8570ba4f3fe8f71c5c49ab1672e404bf8037eb4bc5c9&scene=126&sessionid=0#rd
2024-03-13 20:40:00,向你说这些话的同事，看似真诚，实则“坏得很”！,2,3062,16,12,http://mp.weixin.qq.com/s?__biz=MzI2NDY1MDU3OA==&mid=2247486284&idx=2&sn=d1adb4f80dbb1c7cb0bb5fbfd880f77c&chksm=eb775d127e1943bbec4138f6f447e16b1d8726d6bb2ee7c855470d1220917ae19d10a8fa6a5f&scene=126&sessionid=0#rd
2024-02-25 19:39:00,想让自己有点城府，就一定要掌握这7个说话思路,2,3031,26,9,http://mp.weixin.qq.com/s?__biz=MzI2NDY1MDU3OA==&mid=2247486037&idx=2&sn=69fea5d023c263eb2eafa7f93a4c2f65&chksm=ebf8e663275c5ecb32cbb1cd6eff31bf6d3b3f439c81623d087f5e6add675db84bf99cdaadd0&scene=126&sessionid=0#rd
2024-03-30 20:28:00,给领导发微信要注意的9个小细节,2,2998,21,10,http://mp.weixin.qq.com/s?__biz=MzI2NDY1MDU3OA==&mid=2247486582&idx=2&sn=bcf1029dc86a16fca0844f50c1450aad&chksm=ebe14d91729c9e15197920983502930ae0aecfa377afb01c76118f5cbf5add71c0bec871ccfc&scene=126&sessionid=0#rd
2024-01-15 20:00:14,看人特别准的9个小细节,2,2923,12,6,http://mp.weixin.qq.com/s?__biz=MzI2NDY1MDU3OA==&mid=2247485493&idx=2&sn=4a5609d6a17e192597632b48c3e5f938&chksm=ebffac77024bb6d8f6345b8396f39276f0ed33747a7a1638891a690d8956fbc6dcd73ba3b5d1&scene=126&sessionid=0#rd
2024-04-06 20:23:00,想让自己有点城府，就一定要掌握这7个说话思路,2,2914,22,11,http://mp.weixin.qq.com/s?__biz=MzI2NDY1MDU3OA==&mid=2247486687&idx=2&sn=c219fe4072d1fce20f6e39cbd0aa304a&chksm=eb4e1a70ce8e11657bccd1de754dcfc342d5691071af177c1dee2153c0158b3e1d982053654b&scene=126&sessionid=0#rd
2024-04-28 21:10:00,领导眼中能力差的人，都有这6个特征,2,2889,24,12,http://mp.weixin.qq.com/s?__biz=MzI2NDY1MDU3OA==&mid=2247487017&idx=2&sn=7a67b2386aab9fa76f52e7fb709f8f08&chksm=ebb4ced0f2fd34e39a27cf5ef7bfb581978a3126067beb362322036b2e16c9b598a6d257d855&scene=126&sessionid=0#rd
2024-02-28 22:22:00,参加饭局，千万别有这7种行为，真的很丢人!,2,2889,12,7,http://mp.weixin.qq.com/s?__biz=MzI2NDY1MDU3OA==&mid=2247486063&idx=2&sn=219bf5d0b3146997162f849f3b054d61&chksm=ebcd7f2f2e0b3cedda7a17435c5301d68dfc9f740ab7df3974a26b39a86100fe5b162876946b&scene=126&sessionid=0#rd
2024-05-09 22:01:00,这7种人，领导非常反感,2,2887,23,5,http://mp.weixin.qq.com/s?__biz=MzI2NDY1MDU3OA==&mid=2247487197&idx=2&sn=24cdb006925cd790d4a72e10260578d5&chksm=ebbcf0aa4818bd3667312c8e582a7732f04d66b87df330a158df6ada327d5cf827905da3c39a&scene=126&sessionid=0#rd
2024-05-02 21:06:00,想让领导不敢惹你，不用靠背景，做到这3点就够了！,2,2887,26,8,http://mp.weixin.qq.com/s?__biz=MzI2NDY1MDU3OA==&mid=2247487088&idx=2&sn=8dc358ac352fb9a2a169f5940e6f78a9&chksm=eb69c104e579c7bd111bb9deae81a191a488e6ffc2c06b1f36e8ee4307272ec25d7feb5a5429&scene=126&sessionid=0#rd
2024-01-26 19:59:00,拒绝同事的万能话术，不做软柿子,2,2856,21,7,http://mp.weixin.qq.com/s?__biz=MzI2NDY1MDU3OA==&mid=2247485667&idx=2&sn=1d5f56263b25024c7b76ea14c4b81fc5&chksm=eb6999320b62b3dbcf5f455ce678afd12f200715e620d62285a231135a05702b138b8f7d2bd4&scene=126&sessionid=0#rd
2024-04-02 21:00:00,为什么领导都不容易生病？说出理由后，网友：受教了,2,2835,15,6,http://mp.weixin.qq.com/s?__biz=MzI2NDY1MDU3OA==&mid=2247486633&idx=2&sn=1fa0b9f7026313c8ebbafe24d4526f19&chksm=eb1d3809c217d3723ff9aa836c656200f5bbb46f850ec224a74aa19c4cc2d4106bd047983d8b&scene=126&sessionid=0#rd
2024-05-17 21:10:00,领导最厉害的整人手段，绝不是打压，而是这4招！,2,2822,24,6,http://mp.weixin.qq.com/s?__biz=MzI2NDY1MDU3OA==&mid=2247487364&idx=2&sn=6df315d13f50c64ab25b5251a2e870bf&chksm=eba9a74d4d4bd1fe996536fc03d4e0ae74b54f8a59f8c8d831d502e57bbc409b96e6daa9363c&scene=126&sessionid=0#rd
2024-05-22 21:07:00,和同事说话长点心，这5句话千万别说！,2,2811,22,12,http://mp.weixin.qq.com/s?__biz=MzI2NDY1MDU3OA==&mid=2247487426&idx=2&sn=8601709ebadb402360b677b2688ad9b8&chksm=eb48dd201aed1a3c1db7e0d6c2b0596e771e9e6b89cc50a7d50d872b434c98c11e78b365a493&scene=126&sessionid=0#rd
2024-03-01 19:16:00,努力让自己发光的18个好习惯,2,2788,26,14,http://mp.weixin.qq.com/s?__biz=MzI2NDY1MDU3OA==&mid=2247486087&idx=2&sn=dd1b710c330a4bd190bb20c0e50d6b18&chksm=eb026177a85680b0e9937897d7da54e03364409ed77bf2d53eb8e444ef1bf11e2f8f50dc1eb4&scene=0&xtrack=1#rd
2024-04-26 20:56:59,为何领导们经常晚上喝酒，第二天还能准时上班？,2,2785,17,8,http://mp.weixin.qq.com/s?__biz=MzI2NDY1MDU3OA==&mid=2247486985&idx=2&sn=a3a80b6f1dff83b8fcdae40b596e59f5&chksm=eb65a4012dd1e0872a8868529c865fd1cdbb1d7e6510e9b2272ba80e88d00c3f1b6da42f9e32&scene=126&sessionid=0#rd
2024-04-15 21:22:00,和同事相处，你要留这7个“心眼子”,2,2722,23,13,http://mp.weixin.qq.com/s?__biz=MzI2NDY1MDU3OA==&mid=2247486851&idx=2&sn=ddef8cad774f07c9cacf25ca5df19cad&chksm=eb17881d76072d481bd6c9523471295b1d665c2afc9336f959a030c590d76531388adc81276b&scene=126&sessionid=0#rd
2024-04-24 20:38:00,单位换了主要领导，一定把握好4个时间段，不然会被边缘化，后果不堪设想,2,2713,21,11,http://mp.weixin.qq.com/s?__biz=MzI2NDY1MDU3OA==&mid=2247486962&idx=2&sn=4a5f2a476bd1348fc47f04b96099cda4&chksm=eb8af735f5f6c295955a6d3e0bde562a02dbd1130737a19d78e852f0e7395c4f23fe21a8fa13&scene=126&sessionid=0#rd
2024-04-05 19:00:00,与领导相处，不用低三下四，学会这4个手段，领导也会重用你,2,2684,17,10,http://mp.weixin.qq.com/s?__biz=MzI2NDY1MDU3OA==&mid=2247486676&idx=2&sn=1bef7344aed324fe91ef172c9c082aa2&chksm=ebf218d6284e671a1500223277a419f064fa8a9e8cda6e78038851c8f7f5e231b2c26a3ac4e6&scene=126&sessionid=0#rd
2024-03-25 20:36:00,22个识人术，挺准,2,2684,16,9,http://mp.weixin.qq.com/s?__biz=MzI2NDY1MDU3OA==&mid=2247486526&idx=2&sn=bfa9d67ec98978e353e40886df8c358c&chksm=eb2246d000b004d8dd59a8e76301ef43ad5035444163298c8c4b8f274a2cc049498119d7ef6f&scene=126&sessionid=0#rd
2024-03-16 20:38:00,有这4个迹象，你就该离职了,2,2684,18,8,http://mp.weixin.qq.com/s?__biz=MzI2NDY1MDU3OA==&mid=2247486399&idx=2&sn=25ca7f02c2f5f2557e40e0882702cb62&chksm=eb30869ab076c06f1e1290f90778cfa540be405785576cc5fe9e8c6de36d86d6c014cfe9a226&scene=126&sessionid=0#rd
2024-05-23 21:10:00,单位里，领导眼中最廉价的员工，不是穿不起名牌的你，也不是端茶倒水的你，而是这5种！,2,2673,23,10,http://mp.weixin.qq.com/s?__biz=MzI2NDY1MDU3OA==&mid=2247487436&idx=2&sn=c12a87b17908704cf3e2d9ffa05fd5a1&chksm=eb7b188d10dddf30845e357d0f61a25a9b983fb7141249919bb028cb51b31a39ba11272c8d96&scene=126&sessionid=0#rd
2024-06-19 21:26:00,单位里，一定要坚持做这4件事：1、给领导朋友圈点赞；2、多赞美领导和同事；3、投资自己的成长；4、拒绝不合理的人和事,2,2634,30,11,http://mp.weixin.qq.com/s?__biz=MzI2NDY1MDU3OA==&mid=2247487938&idx=2&sn=20af1067ca7f9ebaf3e02091309ca600&chksm=eb8e0cff3f5c15a7795e2a59e73db10c6b42869e1f5886b2094b6bcf8b4d699cbffb77a5830c&scene=126&sessionid=0#rd
2024-03-03 19:43:57,让别人高看你的15个小技巧,2,2623,17,6,http://mp.weixin.qq.com/s?__biz=MzI2NDY1MDU3OA==&mid=2247486112&idx=2&sn=7ab4ba30c06b0f6d0a4a96a54cc42ea8&chksm=eb88ba6593b9ab4db486426dbc93fdb8cf82f6bd3e4219a1c7e135ff0845bdf65cf3395e9b34&scene=0&xtrack=1#rd
2024-04-13 20:28:00,出现这7个迹象，说明领导已经当心腹一样信任你，别傻傻不知道！,2,2606,14,8,http://mp.weixin.qq.com/s?__biz=MzI2NDY1MDU3OA==&mid=2247486826&idx=2&sn=2ee107876a023b88071c49c47c5b8898&chksm=ebeea041b26fd6c1a7d478a79c56cedfd5fbf5bcf931ab3c19853ad2cba0fbb19f61131addee&scene=126&sessionid=0#rd
2024-06-17 21:40:00,HR建议：1、不要轻易接受降薪；2、不要轻易签字调岗；3、不要害怕HR威胁；4、跟HR单独谈话一定要录音,2,2602,30,13,http://mp.weixin.qq.com/s?__biz=MzI2NDY1MDU3OA==&mid=2247487916&idx=2&sn=3416c5fd46405f5aef6fb89353ba9f51&chksm=eb02df1ff0ea5bf0d48d76e2aae1bb7ded635dddc8fd11ce4523674451461814cf9965b23c74&scene=126&sessionid=0#rd
2024-02-02 22:26:00,成年人必须要有的16条心计,2,2597,19,9,http://mp.weixin.qq.com/s?__biz=MzI2NDY1MDU3OA==&mid=2247485761&idx=2&sn=3f348771949ad07ec088c57236f73442&chksm=eb96fba7749f5d4d8848b287d8f3977a304d159a9f644a668b47bc023b104e9208094c55d9b4&scene=126&sessionid=0#rd
2024-03-19 21:01:25,“我，在腾讯月薪6万，离职后突然惊醒：人越努力，只会越平庸”,1,2578,7,1,http://mp.weixin.qq.com/s?__biz=MzI2NDY1MDU3OA==&mid=2247486451&idx=1&sn=49fc0ea02b0468435a983b896975751c&chksm=eb556ca94c1e5f0e4482f7cd17a524df3c7324adf735757af54001e6cc553c3a65dd34e06862&scene=0&xtrack=1#rd
2024-01-31 19:58:54,一个人开始走上坡路的5个征兆,2,2576,15,6,http://mp.weixin.qq.com/s?__biz=MzI2NDY1MDU3OA==&mid=2247485738&idx=2&sn=e5ca0bc2e008cfb2f3e7b8214b6f3b77&chksm=ebccfd075ca91397c0af3c1ca7e16983a1e885d4c45049c5a87ebba87fa821eb09847967f359&scene=126&sessionid=0#rd
2023-12-29 20:56:00,领导只会告诉心腹的20条职场潜规则,2,2569,14,6,http://mp.weixin.qq.com/s?__biz=MzI2NDY1MDU3OA==&mid=2247485231&idx=2&sn=9561ae6f244cc84d35f9b9ec5c476611&chksm=eb62309190784ca6993728303aa22ef78b78b5e680522714f2042bd5667f4b0f748adc22be76&scene=126&sessionid=0#rd
2024-03-28 21:33:00,成年人必须要有的16条心计,2,2563,19,14,http://mp.weixin.qq.com/s?__biz=MzI2NDY1MDU3OA==&mid=2247486559&idx=2&sn=6757d7deb9fe8c421515bf32b852be4e&chksm=eb92ce8a54c9dbe439e28fd0d0aee4613611fb030aef9f092b02fc91a5f17c30352134761760&scene=126&sessionid=0#rd
2024-04-04 20:45:00,研究了25位女领导发现：适合当领导的女性，都有这7个特质,2,2549,23,9,http://mp.weixin.qq.com/s?__biz=MzI2NDY1MDU3OA==&mid=2247486661&idx=2&sn=be433611138b7e1d5b478639fa7e8302&chksm=eb2e35100e3885029ea04a72932938ae8baea72afbd69c43fe4e2fed2d6d47c5b7f1e39a792a&scene=126&sessionid=0#rd
2024-02-24 19:18:00,保持情绪稳定的17个好习惯,2,2497,14,8,http://mp.weixin.qq.com/s?__biz=MzI2NDY1MDU3OA==&mid=2247486024&idx=2&sn=dca22d62a9c2ba9d5a200c72eb243fc1&chksm=eb8fb3d2a46b4809b4b69b66667199a3f6769614ac10fbf7b57aa54780ab2bbc8a9ed18da076&scene=126&sessionid=0#rd
2024-01-08 19:48:00,在领导面前，多说这5类话，不提拔你都不科学！,2,2492,11,4,http://mp.weixin.qq.com/s?__biz=MzI2NDY1MDU3OA==&mid=2247485391&idx=2&sn=93250b28d22348650904a43293af67e6&chksm=ebf0ac0ee9c4cdaf00ffa9e8e2cc11d23f839f6f0bee81ea342efa878aed4849084198f8e1ff&scene=126&sessionid=0#rd
2024-05-05 22:50:00,职场最佳人设：能力强＋很靠谱＋不好惹,2,2465,29,16,http://mp.weixin.qq.com/s?__biz=MzI2NDY1MDU3OA==&mid=2247487149&idx=2&sn=616b4eec1d2d3a516d0f05ebd505710a&chksm=ebf50a6ebe78bc6fd9c1cd2f89dc8121b73f0c35cb4625e8680d2e00c41992c91a5d7a1f36a4&scene=126&sessionid=0#rd
2024-05-10 21:10:00,在领导面前，多说这5类话，不提拔你都不科学！,2,2407,27,9,http://mp.weixin.qq.com/s?__biz=MzI2NDY1MDU3OA==&mid=2247487213&idx=2&sn=1c75b6e56ec4ef2736d5794b427c5648&chksm=ebcd37e3daf7b687c64527bcfa9797ac1fd5bf00f6b0e796bc1da57ffa256c024ed96a0e9003&scene=126&sessionid=0#rd
2024-05-21 21:27:00,和领导搞好关系，要牢记这8个字,2,2397,25,7,http://mp.weixin.qq.com/s?__biz=MzI2NDY1MDU3OA==&mid=2247487414&idx=2&sn=53e9514a0c21d2ddee350472df26bac7&chksm=ebd5e063d0d67694d2e873a3a7e5a10fa6a7e58b46df877cf99984850b1386e8d2b40c63a187&scene=126&sessionid=0#rd
2024-03-19 21:00:00,一个好员工突然开始摆烂，无非就是这4个原因,2,2395,26,14,http://mp.weixin.qq.com/s?__biz=MzI2NDY1MDU3OA==&mid=2247486451&idx=2&sn=2c19e158ec6b21629bd3b0774675fb11&chksm=ebefbeaab78bc53fde70fe7c594dbbdd2f6ccd39666e18fccbe527a28ec9524fb88bbaee9d87&scene=126&sessionid=0#rd
2024-04-11 22:00:00,请做小红书，现在！立刻！马上！,1,2393,5,0,http://mp.weixin.qq.com/s?__biz=MzI2NDY1MDU3OA==&mid=2247486780&idx=1&sn=72aac88466451f25e43c2463b3b1ba48&chksm=eb35fc6245d661f2c560c9eacfb699b7824463e337960bed6be768aec9de627e1aa3528d8cf9&scene=126&sessionid=0#rd
2024-03-24 19:10:00,身边人不把你当回事，主要是因为你有这4个特征,2,2370,11,8,http://mp.weixin.qq.com/s?__biz=MzI2NDY1MDU3OA==&mid=2247486510&idx=2&sn=2b23166501f524ef27f5f51f6dd8b948&chksm=ebb4e0ff47582ea2322ce0c07ba442fbc37b40da83f4cd3af296c5698bef5560690ef3977c27&scene=126&sessionid=0#rd
2024-01-07 19:58:00,领导向你打听这6件事，即使你知道也决不能说,2,2362,8,2,http://mp.weixin.qq.com/s?__biz=MzI2NDY1MDU3OA==&mid=2247485378&idx=2&sn=146c8c597555eeae0fb33d07609f2616&chksm=eb10e3bac6604909764ec7079fc588da013025859bbe99be8b8b8edaad998256b6db268c051c&scene=126&sessionid=0#rd
2024-03-11 21:22:00,领导如何看待不争不抢的员工？,2,2359,10,3,http://mp.weixin.qq.com/s?__biz=MzI2NDY1MDU3OA==&mid=2247486268&idx=2&sn=13581fffc86eb3d3d69dfec16be7b6da&chksm=ebd0530ac4539bf9757e3218cb3dd0641638897c4ff2cfc4718e0859a0738a51c77c4b4c5d84&scene=126&sessionid=0#rd
2024-02-05 19:12:00,在单位里，保护自己的5个必备妙招！,2,2348,20,4,http://mp.weixin.qq.com/s?__biz=MzI2NDY1MDU3OA==&mid=2247485793&idx=2&sn=627b9351ad431ef28d74c91f7b299b04&chksm=eb80d1c8760f76406a9e5d891f54d54b676861237e13838542f635d63984e8eb2457e27629e3&scene=126&sessionid=0#rd
2024-03-21 21:10:00,当一个很老实的员工开始顶撞领导，是什么原因？,2,2330,16,11,http://mp.weixin.qq.com/s?__biz=MzI2NDY1MDU3OA==&mid=2247486474&idx=2&sn=680dd0341f8d194fbd1a0c1255a546be&chksm=ebb3ac631dea1a58365f7b2cd62db27569e51ccfed19b704595454fdae898e9c9ec998adaa21&scene=126&sessionid=0#rd
2024-03-20 21:22:00,为人处世的22条忌讳,2,2325,15,7,http://mp.weixin.qq.com/s?__biz=MzI2NDY1MDU3OA==&mid=2247486462&idx=2&sn=65e5e60add4375e3dc109adce96cfc1e&chksm=eb9adb31e13730cf4a7175ae2e9b2cc71a4f264e39144cf9ea7e2b46a964688aaf309c52f410&scene=126&sessionid=0#rd
2024-01-29 19:36:00,提升谈话的20个技巧,2,2317,10,5,http://mp.weixin.qq.com/s?__biz=MzI2NDY1MDU3OA==&mid=2247485712&idx=2&sn=8e96b25579f527a5f8fff4bcd1726c18&chksm=ebc9a1365c22c94190ec80d29e3bd026651e877f95cc030e0c1f807be836ba7e4aca6094b405&scene=126&sessionid=0#rd
2024-05-20 23:04:00,单位里，这4件事千万不能低调，一旦你低调，就会被瞧不起！,2,2248,19,8,http://mp.weixin.qq.com/s?__biz=MzI2NDY1MDU3OA==&mid=2247487403&idx=2&sn=fd7f0f79b942ca822c2a886219201d78&chksm=ebb5c363060b83ddd67228e43bca47e8f3415e5fe6e95ae218fdc1d88793b0968dab952c8d27&scene=126&sessionid=0#rd
2024-04-29 19:00:00,向你说这些话的同事，看似真诚，实则“坏得很”！,2,2245,14,7,http://mp.weixin.qq.com/s?__biz=MzI2NDY1MDU3OA==&mid=2247487029&idx=2&sn=dbbbcc800bfba4429361000ce79de1c8&chksm=ebf475f5322034ff150f7817be3dc691317d699430f1b5c9a108230d92d17b90228c5a9d1069&scene=126&sessionid=0#rd
2024-05-19 19:42:00,领导如何看待不争不抢的员工？,2,2217,17,8,http://mp.weixin.qq.com/s?__biz=MzI2NDY1MDU3OA==&mid=2247487385&idx=2&sn=f49bfdc0b41074548f8f567329b94a79&chksm=eb90f6c40cdee153db4b9f6a1ed1f0ff730cdd6cc8378c6f2752ed7cb242961f1447bced7761&scene=126&sessionid=0#rd
2024-05-12 20:54:00,想被提拔，就去找领导，无须太多顾虑！,2,2206,16,8,http://mp.weixin.qq.com/s?__biz=MzI2NDY1MDU3OA==&mid=2247487237&idx=2&sn=0683d11e63bd50ee41ea452a8de1e4d5&chksm=eb43b529ea572fb32f7be9108946a04c4a22e97092c5d97fcf5f8791814fecd19a28b93f96c9&scene=126&sessionid=0#rd
2024-02-03 20:23:00,遇到这类下属，领导不会明说，但心里会评价：这货，很傻很天真！,2,2203,9,4,http://mp.weixin.qq.com/s?__biz=MzI2NDY1MDU3OA==&mid=2247485771&idx=2&sn=610aa3af7e9812b61d070b049d365a42&chksm=ebd1febab1449605c95bb43ba71750e2ae9da0bcab3ccfa166c52cae9bf671d639dfb4568487&scene=126&sessionid=0#rd
2024-03-27 20:02:00,在单位，想搞定一个女同事非常简单，记住这8个字就够了！,2,2193,10,4,http://mp.weixin.qq.com/s?__biz=MzI2NDY1MDU3OA==&mid=2247486548&idx=2&sn=281e922bf5e1e4beca5b49ddc68a91e5&chksm=eb1194672175afa65b2ef8ccf906cb2bd154349936a5d5d1d8f3c20fd7ce3306775f5d6fd812&scene=126&sessionid=0#rd
2024-05-13 21:21:00,越是能力低的领导，越喜欢干这6件蠢事！,2,2190,24,12,http://mp.weixin.qq.com/s?__biz=MzI2NDY1MDU3OA==&mid=2247487248&idx=2&sn=f68b7a20b72f80982a989157e3f9fd1f&chksm=eb879801c1bf1db9c0eff25d3126cb73b67af32c5787a222964b531266efb20fe91ad836a973&scene=126&sessionid=0#rd
2024-01-11 19:00:00,情商越低的人，越喜欢把8句话挂在嘴边，看看你有吗？,2,2187,7,3,http://mp.weixin.qq.com/s?__biz=MzI2NDY1MDU3OA==&mid=2247485437&idx=2&sn=02d56917ebaf199324aea677d71149e3&chksm=eb779318ff39049ceb0260fd23e30f83bd8499b7b31b443e76793400afec9e4db39ea8ebd930&scene=126&sessionid=0#rd
2024-01-18 19:00:00,职场上，太单纯的人的10个表现,2,2180,12,4,http://mp.weixin.qq.com/s?__biz=MzI2NDY1MDU3OA==&mid=2247485539&idx=2&sn=b9102f2ee4da5d01175a774cd3c2b8cb&chksm=eb2ebeee709b0c59f616b2dc293ddda9a78ee0a7c14f51ecad6239a9beff1603f2d36da1c416&scene=126&sessionid=0#rd
2024-01-21 19:02:00,向你说这些话的同事，看似真诚，实则“坏得很”！,2,2178,12,5,http://mp.weixin.qq.com/s?__biz=MzI2NDY1MDU3OA==&mid=2247485595&idx=2&sn=7bcdee237f512581ca70aa27992317c2&chksm=eb24004f1620f3b147920467bd643edeb21cd61902bd4446a6aca1731a898a4213decaed4b6f&scene=126&sessionid=0#rd
2024-03-15 19:58:00,这3种工作，不要轻易辞掉，否则会后悔一辈子！,2,2166,12,8,http://mp.weixin.qq.com/s?__biz=MzI2NDY1MDU3OA==&mid=2247486385&idx=2&sn=647ff63f8a81303d6e357fa867f79b78&chksm=eb6639c1a8fffe46e75b6d8323b239f5122d6b6a6e45ff7473b28a35b8a6b0fc87534b49d8f0&scene=126&sessionid=0#rd
2024-04-09 21:10:00,当别人问你工资多少时，高情商的人这样回答，既不得罪人，也不尴尬！,2,2159,15,7,http://mp.weixin.qq.com/s?__biz=MzI2NDY1MDU3OA==&mid=2247486744&idx=2&sn=4f617941a449b97df844f96d9acf6f52&chksm=eb14c3882598bedf9008435e7514d5e9b7098e6f187687aef8410fea3db6dde02131c7abc041&scene=126&sessionid=0#rd
2024-03-18 21:02:00,单位里，永远不要说出这2个字！,2,2156,7,4,http://mp.weixin.qq.com/s?__biz=MzI2NDY1MDU3OA==&mid=2247486446&idx=2&sn=33d36929a40c320b08e29e941355bc27&chksm=ebd9ea736eb2a594e31bce9ba0bebf0465836b560e5eacdb57f8f5c103156894bfac495ebfc3&scene=126&sessionid=0#rd
2024-04-14 20:15:00,单位里，坏到骨子里不能深交的同事，身上都有这 6 个特点,2,2143,21,6,http://mp.weixin.qq.com/s?__biz=MzI2NDY1MDU3OA==&mid=2247486839&idx=2&sn=2cb329f26621bc962a7dfbe641775912&chksm=ebc3b6d4809c7de2fc435c928891abb02e22b59c54eccac0f949e52aea9e2deb6f2a0f3c4027&scene=126&sessionid=0#rd
2024-05-06 21:23:00,容易让你掉价的22个动作,2,2137,20,10,http://mp.weixin.qq.com/s?__biz=MzI2NDY1MDU3OA==&mid=2247487160&idx=2&sn=de58ea727a8dfc9bdca2c7965adcb29a&chksm=eb306d5bf98bdfd0d6637a5dddea41d80bc6e4991eeedbc7c9c07ae472212fcf90f9bdba7083&scene=126&sessionid=0#rd
2024-04-20 22:14:00,让人好感倍增的13个小细节,2,2136,12,7,http://mp.weixin.qq.com/s?__biz=MzI2NDY1MDU3OA==&mid=2247486913&idx=2&sn=cbd0f3c10f59a543154b2a30b2caf2d0&chksm=ebcd65cf532e354d6e023144ddd4472a7f994d0f17425f3373518bfa43ef03e1ad7044feff65&scene=126&sessionid=0#rd
2024-05-18 20:16:00,在单位，过了35岁，不管多有本事，都要和这 4 种人搞好关系,2,2118,13,11,http://mp.weixin.qq.com/s?__biz=MzI2NDY1MDU3OA==&mid=2247487374&idx=2&sn=d6fb5db4245da83b1d190e2d9923f275&chksm=eba4c61aecc6f0a072ecbafe47a2e194699a7c58c67b8cb03f8af30a94f90fb8637f88507fce&scene=126&sessionid=0#rd
2024-04-07 19:47:00,要离职了，千万不要跟领导说这4件事！,2,2094,9,6,http://mp.weixin.qq.com/s?__biz=MzI2NDY1MDU3OA==&mid=2247486702&idx=2&sn=822632f73439a258696a040935ef3af2&chksm=ebcb931d39c8593de56ead324a764724ba25fe35377b446fa04b35ebe879422ad4be96c7e8cc&scene=126&sessionid=0#rd
2024-05-04 22:42:00,领导最爱提拔的 4 种人，不会也要装一装，其中有你吗？,2,2082,12,6,http://mp.weixin.qq.com/s?__biz=MzI2NDY1MDU3OA==&mid=2247487141&idx=2&sn=de7958e9bd9ef5dbe68dccba4b9fc1f5&chksm=eb64e5d842b05136a6d347c94fb4ab38cf4cfcc77ddad591e587e7318888572266cb52eb7483&scene=126&sessionid=0#rd
2024-05-14 21:31:00,领导准备提拔下属的9个迹象,2,2076,12,6,http://mp.weixin.qq.com/s?__biz=MzI2NDY1MDU3OA==&mid=2247487260&idx=2&sn=da2c80dfe9a788e3fcd638a21d6f603b&chksm=eb5b2aa21124ae73b946c380e60a45c0b9ad84db437e5ca587b9bb1f55b53edc60a85075e526&scene=126&sessionid=0#rd
2024-05-03 20:52:00,遇到这类下属，领导不会明说，但心里会评价：这货，很傻很天真！,2,2073,18,8,http://mp.weixin.qq.com/s?__biz=MzI2NDY1MDU3OA==&mid=2247487097&idx=2&sn=f6b94e642e5c8fad261e1f1944aa28e1&chksm=eb9e9b47ffbdd814cfd1ce3abe5629868ad38adaf96106d148e8ca532b5e5468c1a2e0f7a84f&scene=126&sessionid=0#rd
2024-03-17 19:21:00,让人好感倍增的13个小细节,2,2068,19,6,http://mp.weixin.qq.com/s?__biz=MzI2NDY1MDU3OA==&mid=2247486419&idx=2&sn=1a23059ba2dc0bff5599cfdabedc15fb&chksm=eb01e0e5a26977e03d0a365c417993b8b4a334203d14d2957e5fdd34e20e08d51712d8b8bc33&scene=126&sessionid=0#rd
2024-01-24 19:00:00,为人处世的30条细节,2,2053,18,6,http://mp.weixin.qq.com/s?__biz=MzI2NDY1MDU3OA==&mid=2247485639&idx=2&sn=0fd725c7427b5df20d0d9e15fa7e1208&chksm=ebf85d2dcea4ae64dd0af238560889eb601492bd7d8425873487a22e09af017c7ae5d34b44c9&scene=126&sessionid=0#rd
2024-03-14 20:34:00,人品好的人，开口大多会说这 8 句话，遇到一定要深交！,2,2051,13,7,http://mp.weixin.qq.com/s?__biz=MzI2NDY1MDU3OA==&mid=2247486376&idx=2&sn=e67ffd1687327cc5179cccccbf83037a&chksm=eb61c784b6be817217ecc09f347984fd9217bfa7b3e000013c37c72c52d6eff9f2972f694b1e&scene=126&sessionid=0#rd
2024-05-15 19:00:00,单位里，这7种情况一定要会装，装着装着就成事了！,2,2036,20,6,http://mp.weixin.qq.com/s?__biz=MzI2NDY1MDU3OA==&mid=2247487341&idx=2&sn=18b587110c30ab769ab80ba988d5f8e3&chksm=eb6f4676e763adcb5ff2c9c37911b662e53b82af182d50ac9ace094845efff89a15de28637a1&scene=126&sessionid=0#rd
2024-06-23 21:20:14,身边人不把你当回事，主要是因为你有这4个特征,2,2029,22,9,http://mp.weixin.qq.com/s?__biz=MzI2NDY1MDU3OA==&mid=2247488011&idx=2&sn=4efc43137f63377c389e825cf01ffb24&chksm=eb6d2852d8f5389e42bd75f6dc378c5e01c2951d54568aa01101b7d14512a4598c80bfd6f97d&scene=0&xtrack=1#rd
2024-04-22 21:19:00,当一个很老实的员工开始顶撞领导，是什么原因？,2,2028,15,7,http://mp.weixin.qq.com/s?__biz=MzI2NDY1MDU3OA==&mid=2247486937&idx=2&sn=a42d4c6d70d90215d0ce9dd8cb99f1ca&chksm=eb07289064fc91a73cb1aa3ef7c0eb8720f1a21ed85a3158d8684160a543cff7cb2ae609e671&scene=126&sessionid=0#rd
2024-05-25 19:53:00,能力强的人，得不到提拔，大都具有这4个毛病,2,2027,28,8,http://mp.weixin.qq.com/s?__biz=MzI2NDY1MDU3OA==&mid=2247487458&idx=2&sn=685d969d501f48c7eb180308582f1580&chksm=eb96674f478a327f8878913708d429d3a59587dde71be648ad838f2e411ff310a1f1ea88682c&scene=126&sessionid=0#rd
2024-03-31 19:59:00,情商越低的人，越喜欢把8句话挂在嘴边，看看你有吗？,2,2016,10,6,http://mp.weixin.qq.com/s?__biz=MzI2NDY1MDU3OA==&mid=2247486593&idx=2&sn=0f4cc62d441515ec7c6b3b8796a15d07&chksm=eb03f5dbb4fe5ba31f32d59ef7c6364fd93a1201bbeba911e5a789c8b548e664fa4d46bbd9c8&scene=126&sessionid=0#rd
2024-03-29 19:00:00,单位里，永远不要和跟你翻过脸的人成朋友：一朝翻脸，一生陌路人！,2,1990,16,7,http://mp.weixin.qq.com/s?__biz=MzI2NDY1MDU3OA==&mid=2247486571&idx=2&sn=bec1b74ad20a206709b2a4f47c126b60&chksm=eb2fb7a9df4a7c425da8d0e04e01d212239d145693cd8f76b33d1df1c8444bcdcffe23e2031e&scene=126&sessionid=0#rd
2024-04-25 21:40:00,参加饭局，千万别有这6种行为，真的很丢人!,2,1961,13,6,http://mp.weixin.qq.com/s?__biz=MzI2NDY1MDU3OA==&mid=2247486974&idx=2&sn=41a9bc4c48bfbfe08bbeb557529c10ed&chksm=ebbbce104dfddb9161d060ad0027933d31e98bb9a31003224a7d80ddad52d2d097496c2ea264&scene=126&sessionid=0#rd
2024-04-16 21:07:00,提升谈话的20个技巧,2,1959,21,10,http://mp.weixin.qq.com/s?__biz=MzI2NDY1MDU3OA==&mid=2247486865&idx=2&sn=5d8cf2f4a4c7b8d53a07f197ca9e434e&chksm=ebdcfdd4c934b9fe1fa8745c92ccccf62b953afc0ea987bb6f55d275c243b8f405bdbd0041e5&scene=126&sessionid=0#rd
2024-05-16 21:23:57,让人好感倍增的13个小细节,2,1950,21,11,http://mp.weixin.qq.com/s?__biz=MzI2NDY1MDU3OA==&mid=2247487352&idx=2&sn=85c1206d4c4aca328213f2f3cfbb9a09&chksm=eb47878fd771a96207f9d71ea9fee14a3b85c65636e9c3a8586a92ed858ffa6582f09c01f54e&scene=126&sessionid=0#rd
2024-01-01 19:00:00,给2024年的第一份自律清单,2,1948,21,11,http://mp.weixin.qq.com/s?__biz=MzI2NDY1MDU3OA==&mid=2247485295&idx=2&sn=ae406cf31d071048898065b615dff588&chksm=eb3732655d52d761e60ad20a4c9a3c82fb7db9239e8c478170dd1205d7d5b8c0f4dfdf369d08&scene=126&sessionid=0#rd
2024-01-09 19:38:00,让别人高看你的15个小技巧,2,1923,11,4,http://mp.weixin.qq.com/s?__biz=MzI2NDY1MDU3OA==&mid=2247485406&idx=2&sn=6bb11f6721ef511ce0cd33c2e0d4d2e8&chksm=eb92863d5dcbf6d93fce263d5a6c15ea122198dbd179e9f470c7e701134ff4f4d9b6aebc6317&scene=126&sessionid=0#rd
2024-05-08 21:32:00,在单位里，为什么别人敢欺负你、得罪你、算计你？无非就是这2个原因！,2,1917,18,11,http://mp.weixin.qq.com/s?__biz=MzI2NDY1MDU3OA==&mid=2247487183&idx=2&sn=8c6bafe740681d88f1f441b9e75e90cb&chksm=eb56a52cbb27be81cab374863e62e0ddbc7adaa9166bc0b3beeefdd12262b60689d0dd0dee0b&scene=126&sessionid=0#rd
2024-04-30 19:00:00,判断一个人有没有领导力，看这1点就够了,2,1909,20,9,http://mp.weixin.qq.com/s?__biz=MzI2NDY1MDU3OA==&mid=2247487040&idx=2&sn=236c37c331a8b63135b91abc5a3e4407&chksm=eb69491ccd59300c30dc2a4315901a7fd6367a7a8393cb2b1f6d91d9f4e8a6fd90d49558afab&scene=126&sessionid=0#rd
2024-06-22 20:28:35,成年人必须要有的16条心计,2,1898,29,12,http://mp.weixin.qq.com/s?__biz=MzI2NDY1MDU3OA==&mid=2247487978&idx=2&sn=7be9ae1583e55301cedfae11af39e2f4&chksm=eb4c5bcdbec8cbae2da17bbaf6e750116188afdfb210810dcfee3dd3f3db1e9b234c9f7177ea&scene=0&xtrack=1#rd
2024-01-05 19:23:00,所谓“工作能力强”，就是这6点！,2,1874,17,9,http://mp.weixin.qq.com/s?__biz=MzI2NDY1MDU3OA==&mid=2247485350&idx=2&sn=c4c16cfd30c9f3e0e03266260d006f5e&chksm=ebafeedfff543176c81081f9c86a0b17ce119d596fa46b768baa84a6533a35aa733b57b8ebf1&scene=126&sessionid=0#rd
2024-01-27 19:47:00,让人好感倍增的13个小细节,2,1873,13,4,http://mp.weixin.qq.com/s?__biz=MzI2NDY1MDU3OA==&mid=2247485682&idx=2&sn=123e0968ddedd80daa70d9e52b1fe8d0&chksm=eb3cf7197d66c6b1c2a51d13b250f052b1ac6fdc6964fa02b26d64c689c13458a4837ea2c99f&scene=126&sessionid=0#rd
2024-05-01 21:00:26,2024逼自己做小红书！月入2万！,1,1850,5,3,http://mp.weixin.qq.com/s?__biz=MzI2NDY1MDU3OA==&mid=2247487071&idx=1&sn=39e915ba1eb24dbe7eaa37a727d78680&chksm=ebfbedeeaf0c47c4e497862705f8371283be710fba3de3c7b3c2b98e0595d9aca41d568825e7&scene=0&xtrack=1#rd
2024-01-02 19:26:00,一个人内心强大到可怕的8种表现,2,1845,12,5,http://mp.weixin.qq.com/s?__biz=MzI2NDY1MDU3OA==&mid=2247485306&idx=2&sn=4e79fcc06848c8557b7bd9df2fea110e&chksm=ebfc8c8cb0b1aba0a0962de2c284423b6e1e6f432ec49433068de0200e9ceb7d4d8ae888137a&scene=126&sessionid=0#rd
2024-01-14 19:13:00,让人好感倍增的13个小细节,2,1837,10,3,http://mp.weixin.qq.com/s?__biz=MzI2NDY1MDU3OA==&mid=2247485479&idx=2&sn=e6b4d64f5d9f2e9853b98b11d227016c&chksm=ebb2c1796775e085da7d49d6bb053b13b8a6d5236f061c9283a91b26a87e72ec19e58563b361&scene=126&sessionid=0#rd
2024-03-08 20:39:00,一个人开始走上坡路的5个征兆,2,1833,12,8,http://mp.weixin.qq.com/s?__biz=MzI2NDY1MDU3OA==&mid=2247486224&idx=2&sn=0a866655720ecd88261ca155683c27e7&chksm=eb6a84ba69def4cc0c866d7f13cd24cf966ee949e8b7832983674a717982817016cf1d784cbf&scene=126&sessionid=0#rd
2024-02-09 19:40:00,给2024年的第一份自律清单,2,1823,19,10,http://mp.weixin.qq.com/s?__biz=MzI2NDY1MDU3OA==&mid=2247485852&idx=2&sn=b2274c3453ea686e9a47a665b581869a&chksm=eb73b88fddb7f6ab12d1fcc4926e1ed13fdfc804f809e195824616c24b034b0eacfe956069d0&scene=126&sessionid=0#rd
2024-03-22 21:49:00,终身受益的21个小习惯,2,1769,22,12,http://mp.weixin.qq.com/s?__biz=MzI2NDY1MDU3OA==&mid=2247486485&idx=2&sn=b111457b263eefc55fce691e6fc91c5f&chksm=eb0a8ba5620d38df39ee79e132750d4b1641bfd2f1c80587659637b96d8cd7cc4b1ee69f5294&scene=126&sessionid=0#rd
2024-01-10 19:01:33,这7种人，很难被提拔为领导！,2,1745,6,2,http://mp.weixin.qq.com/s?__biz=MzI2NDY1MDU3OA==&mid=2247485422&idx=2&sn=f90421fa575b1cc43e5af0c8660efc63&chksm=eb2e88fa78c0d510923f84bc3dd66433e5ff051ec56072e0bdfe3a454e5d9fc20e50cbad2f76&scene=126&sessionid=0#rd
2024-01-20 19:00:00,职场最佳人设：能力强＋很靠谱＋不好惹,2,1719,14,5,http://mp.weixin.qq.com/s?__biz=MzI2NDY1MDU3OA==&mid=2247485582&idx=2&sn=387f86ec5d2333b160250c68d6eba547&chksm=eb6ef1ac238c9d0cf5b6568c9dee43a676ee2c10f15fce7f12ab0c0aa2635683210b0dea2f75&scene=126&sessionid=0#rd
2024-06-20 21:16:17,当别人问你工资多少时，高情商的人这样回答，既不得罪人，也不尴尬！,2,1680,19,8,http://mp.weixin.qq.com/s?__biz=MzI2NDY1MDU3OA==&mid=2247487950&idx=2&sn=da5ae0b2cbb55b3c652a29f3a193dd6b&chksm=eb3b9e514635bf84805d7a45cc358e3373e2bf16b12d40c24e45a5aab2ffcae1a27c13bd4242&scene=126&sessionid=0#rd
2024-03-26 21:00:00,单位里你越是这样，别人越不敢惹你，聪明人的八大手段，一定要上点心！,2,1679,16,4,http://mp.weixin.qq.com/s?__biz=MzI2NDY1MDU3OA==&mid=2247486537&idx=2&sn=21b96a96b5d233c26bf578ca574f4000&chksm=eb83eb2ff0e71118e4f38213838025365ad765ae3addc5919b7a20c3deaaa018bf871bff41a9&scene=126&sessionid=0#rd
2024-01-03 19:00:00,容易让你掉价的22个动作,2,1673,8,3,http://mp.weixin.qq.com/s?__biz=MzI2NDY1MDU3OA==&mid=2247485322&idx=2&sn=7bc3cad9f8ad07ca6c2adec6609266f5&chksm=ebb7dfd4f3ace8f1e238b55b1b62a34c70e24ac420902718ac4456ade90120f8ed6e40719437&scene=126&sessionid=0#rd
2024-04-08 20:00:00,发现领导不喜欢你，不要去讨好，只须做好这5点,2,1621,13,6,http://mp.weixin.qq.com/s?__biz=MzI2NDY1MDU3OA==&mid=2247486734&idx=2&sn=8f99848fcc3c4765de2c1ac76deae325&chksm=eb4bc17283dc90324b69007ffc90dbdf2c15794e148798a2b750c57e29164f6073bb45a276c0&scene=126&sessionid=0#rd
2024-02-15 19:19:00,25条成事思维，建议收藏,2,1617,19,11,http://mp.weixin.qq.com/s?__biz=MzI2NDY1MDU3OA==&mid=2247485919&idx=2&sn=fc37b87f463179501faa546f2a912a34&chksm=ebba8b3be7dd00be4226f8f7184d80d80294a9c65a3e5e19dbf7869ff129ae5bbee8fbfc7c8d&scene=126&sessionid=0#rd
2024-02-01 19:00:00,提升工作效率的20条思考,2,1589,14,8,http://mp.weixin.qq.com/s?__biz=MzI2NDY1MDU3OA==&mid=2247485752&idx=2&sn=05d5c58a07c9283f1506f8c43a3cd81b&chksm=eb0d0577b46e25e432654363109fd12a8fc27a722bb1503413bcb038708383e28171db9ee5ba&scene=126&sessionid=0#rd
2024-05-11 21:10:00,终身受益的21个小习惯,2,1561,22,12,http://mp.weixin.qq.com/s?__biz=MzI2NDY1MDU3OA==&mid=2247487224&idx=2&sn=f029012fe93428df58448ac9c67668f1&chksm=eb74f33dd221aecdc108fd01f5902ef4307faf78bb70b3888ee47c1bd9df922fef75136729fb&scene=126&sessionid=0#rd
2024-04-17 21:59:09,职场上，太单纯的人的10个表现,2,1554,16,6,http://mp.weixin.qq.com/s?__biz=MzI2NDY1MDU3OA==&mid=2247486876&idx=2&sn=32945e963bf76a0a81973d7c9090374a&chksm=eb0b40b52376b80cf66ac0e3c47f3421f083ba4ce3634deaa6de6a04655a4d6fbc1cf26b6472&scene=126&sessionid=0#rd
2024-04-08 20:00:00,好消息！好消息！2024年大数据热门行业来袭啦！现火热报名中...,1,1525,8,1,http://mp.weixin.qq.com/s?__biz=MzI2NDY1MDU3OA==&mid=2247486734&idx=1&sn=6abcf823ee979c7ab267db731a55785a&chksm=ebccb6ccf9942e3c0dd3730098758dc6d96e2007e616c7be3f449b1d6b3a3c862496e29510ee&scene=126&sessionid=0#rd
2024-01-16 19:02:00,强势到可怕的15种表现，没有人敢轻易招惹！,2,1509,12,11,http://mp.weixin.qq.com/s?__biz=MzI2NDY1MDU3OA==&mid=2247485508&idx=2&sn=f5c986a0f503d0814e89c99db7df68a5&chksm=eb87bbf1d30ab14c61676c3fa48e8c2a6ea3753f7807f366768acababe088de15ed0e11086a4&scene=126&sessionid=0#rd
2024-05-24 22:01:44,即兴讲话的3个常用套路，再也不怕没话可讲！,2,1467,28,10,http://mp.weixin.qq.com/s?__biz=MzI2NDY1MDU3OA==&mid=2247487447&idx=2&sn=38af197318e5d8359422cf594e37611d&chksm=eb266f1df14d160c7664f382b1556f0f5e08e031e4349980966cc9d6b8238dacc5a161c5bb36&scene=126&sessionid=0#rd
2024-03-23 21:25:00,真正的高手都具备的20种软实力,2,1409,17,6,http://mp.weixin.qq.com/s?__biz=MzI2NDY1MDU3OA==&mid=2247486499&idx=2&sn=6b2b2a841c4fa1b561373f9ad25190ee&chksm=eb8d52031da0d32d3c282fe33e01563d842813b65e5e6aabe5c15b63b4c8b58e279f2f474a1e&scene=126&sessionid=0#rd
2024-01-06 19:21:00,越能成大事的人，越有这15个特质！,2,1409,9,4,http://mp.weixin.qq.com/s?__biz=MzI2NDY1MDU3OA==&mid=2247485364&idx=2&sn=70ecfe1ddcb472908410b67f9766c501&chksm=ebc31b0ada0b994a822ea5451a666c49cafe0bbf9f303a72cc6a911febd2f3b3d500598a9292&scene=126&sessionid=0#rd
2024-01-23 19:48:00,领导的这6种行为，会让团队散掉,2,1394,10,5,http://mp.weixin.qq.com/s?__biz=MzI2NDY1MDU3OA==&mid=2247485624&idx=2&sn=8b7d830933881c42b01d835b70bae2bc&chksm=ebadc41aee4c525dae352fbf5525c85684d6bea6d15231449be2cdfffdcc062128474d2277a9&scene=126&sessionid=0#rd
2024-05-01 21:00:00,想要和领导搞好关系，除了送礼、拍马屁，聪明人这7大手段，你都想不到！,2,1384,13,8,http://mp.weixin.qq.com/s?__biz=MzI2NDY1MDU3OA==&mid=2247487071&idx=2&sn=96de1a7d8c55b9b8f543b65f61597b4b&chksm=eb4dbe88c8e57dc16b11de5c7480ea49a8ce270b03f39ec380d3860b8a882e8f3444eff74915&scene=126&sessionid=0#rd
2024-01-12 19:00:00,终身受益的21个小习惯,2,1188,12,8,http://mp.weixin.qq.com/s?__biz=MzI2NDY1MDU3OA==&mid=2247485451&idx=2&sn=61b1d7b900020af2581d7637e18af912&chksm=ebf335edb0848a0d02c371299fadbfc114d7f0ad022ffb51ef8af36fb2f0b662928621c43333&scene=126&sessionid=0#rd
2024-01-13 19:00:00,25条成事思维，建议收藏,2,1179,9,2,http://mp.weixin.qq.com/s?__biz=MzI2NDY1MDU3OA==&mid=2247485468&idx=2&sn=1baefe02b13f28c10300071c7e0ea539&chksm=eb6584ee425fb72f720253094adcc4466c6d4d94bcef4172aff0d187e284da0bec1b903f2943&scene=126&sessionid=0#rd
2024-06-25 21:29:35,单位里，领导决定放弃你，不会给你穿小鞋，也不会让你天天加班，更不会找你谈话，而是偷偷做这4件事,2,969,8,4,http://mp.weixin.qq.com/s?__biz=MzI2NDY1MDU3OA==&mid=2247488029&idx=2&sn=a904e56203f5eee5bf169aee6ea13326&chksm=ebae677df44729ce512709e37f759560d67980fd82871f4d3a4cfe915d69503b08e59081fa43&scene=0&xtrack=1#rd
2024-03-26 21:00:35,心理咨询培训来了！大专及以上学历均可参与！,1,396,2,1,http://mp.weixin.qq.com/s?__biz=MzI2NDY1MDU3OA==&mid=2247486537&idx=1&sn=a8dd6f01dfdda63e62365434beb05c85&chksm=eba17e54d3befd598505e26af93c6b81affd86b56810306cb22c8ef5c7f31ac4ff1d3e64fe2d&scene=0&xtrack=1#rd
2024-03-12 19:28:52,2024丨银屑病(牛皮癣)/白癜风(白斑)重点公益援助500人,2,338,2,1,http://mp.weixin.qq.com/s?__biz=MzI2NDY1MDU3OA==&mid=2247486273&idx=2&sn=6d71226ea5c94b5fc0798c552fc50ac9&chksm=eb3b3c25a48f41b69a979239947105e2ecb2541a6ad91a09022f524cbf2e6e82f9a8f2f4aae5&scene=0&xtrack=1#rd
